Date,Shallow_tensiometer_reading,Deep_tensiometer_reading,LiterPerPlant,Temp_max,Temp_min,Humidity,Windspeed,Rainfall (mm),Irrigation,is_synthetic
26 02 2021,18.23247722,18.25181467,0,16.85856957,10.74365399,80.26168931,5.522562529,0,0,1
26 02 2021,17.80502782,18.22865912,0,16.81261756,10.71447223,80.97013388,5.356866568,0,0,1
26 02 2021,17.7992538,18.12250516,0,17.00715167,10.76956813,81.20155929,5.378033943,0,0,1
26 02 2021,18.13018685,18.22206801,0,16.80682409,10.75783725,80.29891012,5.450691423,0,0,1
26 02 2021,17.59447244,18.14046848,0,16.91163198,10.79609279,81.86741969,5.290681604,0,0,1
26 02 2021,18.42274769,18.21286945,0,16.76426437,10.83847257,79.66496607,5.660161114,0,0,1
26 02 2021,17.74825065,18.14262279,0,16.84208115,10.75024783,80.73931412,5.455267159,0,0,1
26 02 2021,17.9531839,18.24778244,0,17.04470335,10.83996134,81.32817857,5.336885807,0,0,1
26 02 2021,17.67725571,18.40203051,0,16.90394269,10.86339845,82.16661637,5.213995746,0,0,1
26 02 2021,18.18396532,18.23833298,0,16.74062304,10.72711583,79.98571385,5.494479715,0,0,1
26 02 2021,18.0635028,18.22458042,0,16.8899525,10.81677007,80.75955137,5.449021539,0,0,1
26 02 2021,18.41374349,18.39482495,0,16.73585371,10.82852091,80.67996608,5.348240164,0,0,1
26 02 2021,18.10318104,18.19936236,0,16.85414021,10.76882056,80.48139659,5.453551184,0,0,1
26 02 2021,18.39918697,18.2812683,0,16.85776008,10.73999463,80.00225083,5.553226114,0,0,1
26 02 2021,17.86062258,18.14031365,0,16.82839775,10.69945371,80.47868103,5.501082688,0,0,1
26 02 2021,17.86345395,18.25793751,0,16.91029162,10.69725197,80.85289159,5.397080204,0,0,1
26 02 2021,17.89344019,18.17643987,0,16.82195471,10.67320056,80.46859299,5.447118651,0,0,1
26 02 2021,18.26420923,18.32004884,0,16.78097178,10.73066797,80.19243745,5.439754654,0,0,1
26 02 2021,18.02703137,18.28821963,0,16.87529767,10.79716292,81.49861275,5.299619855,0,0,1
26 02 2021,17.88567254,18.22403116,0,16.85517793,10.7570189,80.85301569,5.370455161,0,0,1
26 02 2021,17.94228794,18.28730084,0,16.9325301,10.76938991,81.07598555,5.33453119,0,0,1
26 02 2021,17.88658768,18.17695977,0,16.79775611,10.69458593,80.44717367,5.451236214,0,0,1
26 02 2021,18.07001982,18.20016011,0,16.83716102,10.73747196,80.31773784,5.501950544,0,0,1
26 02 2021,17.79516216,18.19463373,0,16.88364381,10.73214948,80.96500851,5.374953324,0,0,1
26 02 2021,18.26662889,18.21670343,0,16.87087557,10.77270381,80.11950835,5.551418271,0,0,1
26 02 2021,17.61336599,18.13035106,0,16.98664184,10.73508903,81.3471132,5.391099721,0,0,1
26 02 2021,18.02132145,18.1923701,0,16.82323596,10.72989434,80.34399158,5.496937044,0,0,1
26 02 2021,17.91733491,18.17451011,0,16.9917322,10.79641802,81.00210987,5.436808013,0,0,1
26 02 2021,17.87475826,18.25146522,0,16.93541848,10.74057825,80.89938135,5.366797714,0,0,1
26 02 2021,17.78224817,18.20650658,0,16.92260254,10.71878069,81.01750462,5.411209585,0,0,1
26 02 2021,17,18,0,16.9,10.6,81.7,5.3,0,0,0
27 02 2021,19.26674615,18.34067209,0,17.45075174,9.151773451,82.43199368,6.569271841,0,0,1
27 02 2021,18.58257609,18.07926352,0,17.58004785,8.915524165,82.15611663,6.834122163,0,0,1
27 02 2021,18.49541264,18.19529276,0,17.62241756,8.938556704,82.70200903,6.669994718,0,0,1
27 02 2021,18.95922614,18.28565626,0,17.4627359,8.956262508,81.90083621,6.699840851,0,0,1
27 02 2021,18.74110716,18.31027191,0,17.56892754,9.016158179,82.83794056,6.591965561,0,0,1
27 02 2021,19.10685511,18.20817418,0,17.47881899,8.977226812,81.3930551,6.836448513,0,0,1
27 02 2021,18.39886727,18.23320543,0,17.53375636,8.942263643,83.13969914,6.598256562,0,0,1
27 02 2021,18.782562,18.32125462,0,17.49621045,9.056067168,82.84424116,6.584821075,0,0,1
27 02 2021,18.8130397,18.33317535,0,17.5183315,8.984045314,82.56262111,6.621163075,0,0,1
27 02 2021,18.61935734,18.17129979,0,17.55639167,8.897901381,82.36155116,6.7239781,0,0,1
27 02 2021,18.74653899,18.11083638,0,17.5679104,8.91986553,82.00755752,6.818757164,0,0,1
27 02 2021,18.86521034,18.18585217,0,17.51239939,8.914548352,81.83181504,6.774261009,0,0,1
27 02 2021,18.75079433,18.14367812,0,17.48579905,8.895804789,81.87196364,6.802990435,0,0,1
27 02 2021,19.06778368,18.3568663,0,17.56469052,9.19795117,83.11771622,6.513770371,0,0,1
27 02 2021,18.64725509,18.56743448,0,17.40373612,9.273891424,83.63502336,6.433371335,0,0,1
27 02 2021,18.28743853,18.24502885,0,17.5414498,8.958282178,83.30953943,6.571856358,0,0,1
27 02 2021,19.50514143,18.27869702,0,17.34527913,9.022402904,80.57206961,6.923811771,0,0,1
27 02 2021,19.16378827,18.19192108,0,17.65420521,9.114696997,81.83608685,6.784311642,0,0,1
27 02 2021,19.46913692,18.27837752,0,17.42756973,9.033414429,80.86134067,6.829512682,0,0,1
27 02 2021,18.93747562,18.18362576,0,17.51514707,9.008799425,81.77849976,6.804266211,0,0,1
27 02 2021,19.03062297,18.21862599,0,17.47877571,8.924648372,81.51093635,6.803583435,0,0,1
27 02 2021,18.74571357,18.17430725,0,17.52108959,8.895458569,82.03862714,6.729847608,0,0,1
27 02 2021,18.6481082,18.10055608,0,17.53356771,8.935172345,82.11940164,6.794371241,0,0,1
27 02 2021,18.78106362,18.19519525,0,17.66689193,8.976894091,82.19581289,6.770547949,0,0,1
27 02 2021,18.81428056,18.16009193,0,17.57413354,8.96356711,81.99543986,6.810459854,0,0,1
27 02 2021,18.60007706,18.16499898,0,17.62540191,8.999163129,82.61565333,6.689051318,0,0,1
27 02 2021,18.8841861,18.23795358,0,17.51128807,9.008560106,82.03108071,6.7239726,0,0,1
27 02 2021,18.96576593,18.18610136,0,17.5763438,9.009394819,81.81392562,6.826338699,0,0,1
27 02 2021,18.74719814,18.18581336,0,17.5911144,8.949752574,82.25050365,6.745368684,0,0,1
27 02 2021,18.91519602,18.1605322,0,17.49799407,8.93803346,81.63435007,6.839066108,0,0,1
27 02 2021,18,18,0,17.6,8.7,83.1,6.7,0,0,0
28 02 2021,19.51207858,18.21506314,0,17.50266274,9.795289323,82.04121514,6.074011887,0.2,0,1
28 02 2021,20.03065317,18.26732492,0,17.40662904,9.724788518,80.21316136,6.262651072,0.2,0,1
28 02 2021,19.69392801,18.13563604,0,17.50693787,9.620443898,80.57238589,6.333875608,0.2,0,1
28 02 2021,19.84469217,18.27022785,0,17.54172478,9.774084425,81.34328528,6.150245624,0.2,0,1
28 02 2021,19.55368291,18.2378302,0,17.5386243,9.732363986,81.37631054,6.182915069,0.2,0,1
28 02 2021,19.95561108,18.26859113,0,17.52413946,9.681062968,80.4436683,6.297155706,0.2,0,1
28 02 2021,19.60656016,18.06274817,0,17.63030225,9.708609122,80.85641993,6.396310984,0.2,0,1
28 02 2021,19.98769948,18.22291796,0,17.45622682,9.763579102,80.37828813,6.313361827,0.2,0,1
28 02 2021,19.80655857,18.15877433,0,17.6151632,9.723701073,80.6467266,6.359385339,0.2,0,1
28 02 2021,20.18488218,18.31526562,0,17.42758061,9.809892355,79.92885456,6.335225225,0.2,0,1
28 02 2021,19.63802571,18.34822797,0,17.57093117,9.967739288,82.24183809,6.020803158,0.2,0,1
28 02 2021,19.68851781,18.36420328,0,17.61660673,9.808186002,81.60426801,6.134522627,0.2,0,1
28 02 2021,20.0485594,18.15879624,0,17.54135063,9.825474534,80.49635011,6.362167947,0.2,0,1
28 02 2021,20.46445906,18.31165692,0,17.38325193,9.739920018,79.43316551,6.332954246,0.2,0,1
28 02 2021,20.1806393,18.21368415,0,17.46180877,9.809305968,79.91532451,6.398477279,0.2,0,1
28 02 2021,19.51695334,18.11417617,0,17.53006694,9.697163942,81.41886751,6.211924395,0.2,0,1
28 02 2021,19.73624738,18.10646658,0,17.675391,9.726730814,80.85070943,6.313453191,0.2,0,1
28 02 2021,19.84901609,18.1885589,0,17.51868866,9.715558976,80.4714642,6.339841005,0.2,0,1
28 02 2021,19.84127822,18.25691089,0,17.4818781,9.791010185,81.38831027,6.148021791,0.2,0,1
28 02 2021,20.06544158,18.20266083,0,17.54107763,9.801942729,80.19287277,6.390365517,0.2,0,1
28 02 2021,19.94173324,18.25090465,0,17.45703921,9.815335632,81.36402962,6.167307597,0.2,0,1
28 02 2021,19.92296476,18.26996383,0,17.56549973,9.845840214,80.77157167,6.273245449,0.2,0,1
28 02 2021,19.93844124,18.23375181,0,17.48562589,9.71340227,80.46201358,6.256188924,0.2,0,1
28 02 2021,20.13589363,18.20946758,0,17.50676096,9.791159101,80.05778499,6.412806722,0.2,0,1
28 02 2021,19.95074338,18.20772773,0,17.44246862,9.69531461,80.16560634,6.330736334,0.2,0,1
28 02 2021,19.42967816,18.21850106,0,17.53312375,9.752798526,82.01134385,6.084323706,0.2,0,1
28 02 2021,19.70860464,18.25388373,0,17.5338605,9.705973232,80.8483763,6.257532332,0.2,0,1
28 02 2021,20.04515022,18.37768067,0,17.52584004,9.803572954,80.88315514,6.135249852,0.2,0,1
28 02 2021,19.39039727,18.43929892,0,17.53226669,9.814980147,82.07999846,6.050664638,0.2,0,1
28 02 2021,19.63328309,18.11937944,0,17.53705496,9.676131919,80.76483603,6.320483099,0.2,0,1
28 02 2021,19,18,0,17.6,9.5,81.7,6.2,0.2,0,0
01 03 2021,20.74616371,18.13111142,0,16.84377982,11.95565625,75.92491635,7.978180482,0,0,1
01 03 2021,21.23585707,18.22920248,0,16.72175799,11.96608016,75.12604639,8.003765713,0,0,1
01 03 2021,20.53216243,18.26294767,0,16.93289246,12.09880761,77.49362577,7.652349902,0,0,1
01 03 2021,21.03165793,18.30772564,0,16.8712694,11.97455635,76.10610334,7.791151359,0,0,1
01 03 2021,20.93745405,18.17813126,0,16.80389399,11.97665598,75.69106413,7.94459808,0,0,1
01 03 2021,20.96499406,18.24664011,0,16.80535843,11.93252507,75.70941172,7.880028644,0,0,1
01 03 2021,20.81386374,18.31406173,0,16.84404547,11.99604182,76.91902803,7.679816156,0,0,1
01 03 2021,20.83577665,18.22293765,0,16.82458926,11.91413549,75.91928592,7.869933047,0,0,1
01 03 2021,20.63284047,18.18235425,0,16.83755272,11.91574674,76.17073363,7.874695019,0,0,1
01 03 2021,20.55032953,18.02516369,0,16.96391302,12.01214937,77.20909219,7.769409212,0,0,1
01 03 2021,21.25774745,18.15426909,0,16.81858964,12.00232213,75.22570236,8.07308118,0,0,1
01 03 2021,20.71227164,18.17951573,0,16.84879062,11.90595724,76.01885503,7.912373072,0,0,1
01 03 2021,20.89067083,18.28316657,0,16.80440017,11.9535609,75.97047217,7.840169912,0,0,1
01 03 2021,20.86606591,18.20686065,0,17.01665735,12.05666082,76.82147141,7.779858394,0,0,1
01 03 2021,20.21659365,18.11455889,0,16.81067406,11.97170164,77.55747479,7.680079877,0,0,1
01 03 2021,21.41550117,18.36401322,0,16.65582029,11.91420966,74.83882798,7.903982657,0,0,1
01 03 2021,21.01414409,18.2753049,0,16.7725023,11.92551019,75.63281318,7.873654683,0,0,1
01 03 2021,20.91328108,18.28716435,0,16.81451314,12.03544224,77.16993963,7.662632652,0,0,1
01 03 2021,20.35757462,18.17104573,0,16.97286867,11.95908803,76.99923409,7.791160875,0,0,1
01 03 2021,20.46045852,18.36159321,0,16.83087887,11.94253478,77.31086161,7.680254272,0,0,1
01 03 2021,20.72484348,18.32946404,0,16.91809641,11.93540118,76.43738135,7.787141973,0,0,1
01 03 2021,20.78268288,18.21780619,0,16.97156036,12.0786219,77.0448505,7.736780196,0,0,1
01 03 2021,21.14916439,18.29952599,0,16.74938691,11.92336114,75.33224067,7.864637423,0,0,1
01 03 2021,21.35819287,18.32079091,0,16.66223968,11.94296773,74.89778686,7.948831128,0,0,1
01 03 2021,20.35212051,18.38440158,0,16.8376959,12.07077255,77.67456257,7.63838087,0,0,1
01 03 2021,21.19422645,18.28035224,0,16.6854855,11.94784131,75.17665213,7.895950315,0,0,1
01 03 2021,20.38004589,18.20474022,0,16.91663044,11.95582828,77.31118622,7.710183724,0,0,1
01 03 2021,20.5588037,18.21306313,0,16.90332907,11.9413368,76.52052511,7.82060442,0,0,1
01 03 2021,20.39305227,18.21051253,0,16.92486614,11.9418784,77.35119799,7.70287247,0,0,1
01 03 2021,20.91551822,18.44637306,0,16.74204074,11.91096948,76.57182769,7.648673069,0,0,1
01 03 2021,20,18,0,16.9,11.9,76.9,7.9,0,0,0
02 03 2021,21.76675379,18.2409279,0,16.89316278,11.81563668,76.45734416,8.258476026,0,0,1
02 03 2021,21.69612587,18.28983452,0,16.76834502,11.79289528,75.97908984,8.306300611,0,0,1
02 03 2021,21.82499217,18.4067369,0,16.73126786,11.73000827,75.51808407,8.300295255,0,0,1
02 03 2021,21.50784508,18.25093905,0,16.73739816,11.77544165,76.68237515,8.229537038,0,0,1
02 03 2021,21.32773139,18.3039166,0,16.86970539,11.83856407,76.90927613,8.190268868,0,0,1
02 03 2021,21.72971455,18.21839082,0,16.77714333,11.82078571,75.84843926,8.36244808,0,0,1
02 03 2021,21.90604679,18.21041401,0,16.81284788,11.77433779,75.15415838,8.503362426,0,0,1
02 03 2021,21.7978705,18.24692015,0,16.84294674,11.82011916,75.6963819,8.373418639,0,0,1
02 03 2021,21.87382961,18.19927028,0,16.73955913,11.82431748,75.15171149,8.481403211,0,0,1
02 03 2021,21.66238315,18.27637372,0,16.89136035,11.88076563,76.25348363,8.291472256,0,0,1
02 03 2021,21.47345663,18.26161988,0,16.76023754,11.73148049,76.04534941,8.323307898,0,0,1
02 03 2021,21.63477749,18.17257841,0,16.82300741,11.85102844,76.81093361,8.241222647,0,0,1
02 03 2021,21.8092486,18.23179013,0,16.67275498,11.69652601,75.03886166,8.4227538,0,0,1
02 03 2021,21.48301328,18.25865366,0,16.84078102,11.76184024,76.17161575,8.323965197,0,0,1
02 03 2021,21.60389726,18.18069656,0,16.79351577,11.74595173,75.61795035,8.439442067,0,0,1
02 03 2021,21.58629119,18.40759352,0,16.82307435,11.84152688,76.68239124,8.190035867,0,0,1
02 03 2021,21.50888276,18.17239474,0,16.77507065,11.73992932,75.71815016,8.440408271,0,0,1
02 03 2021,21.26052164,18.18346893,0,16.78223186,11.78636457,76.64456641,8.301211089,0,0,1
02 03 2021,21.54295606,18.14982852,0,16.78404409,11.73456941,75.50687502,8.467660207,0,0,1
02 03 2021,21.95582527,18.29690177,0,16.77352002,11.7800161,75.22436735,8.378041842,0,0,1
02 03 2021,22.11438346,18.26150152,0,16.64937194,11.79819392,74.58171421,8.520579365,0,0,1
02 03 2021,21.74865794,18.20893679,0,16.70817105,11.74512056,75.17422474,8.450753405,0,0,1
02 03 2021,21.87101174,18.25374832,0,16.66315755,11.76386074,75.03441581,8.412668333,0,0,1
02 03 2021,21.82056534,18.46098745,0,16.72100398,11.77629584,75.86907303,8.207785309,0,0,1
02 03 2021,21.84944008,18.19045647,0,16.88041898,11.79179217,75.43256425,8.48148797,0,0,1
02 03 2021,21.87277819,18.29305616,0,16.69588058,11.75206499,75.44005808,8.341565228,0,0,1
02 03 2021,21.98285449,18.31193918,0,16.64907739,11.76865978,74.78314499,8.401187648,0,0,1
02 03 2021,21.48676663,18.26019113,0,16.7164437,11.71952661,75.98504981,8.33638749,0,0,1
02 03 2021,22.02441,18.45319677,0,16.72562955,11.75733926,75.41607915,8.24099661,0,0,1
02 03 2021,21.86663582,18.27029022,0,16.7583788,11.77944676,75.35958825,8.389388507,0,0,1
02 03 2021,21,18,0,16.8,11.7,76.2,8.5,0,0,0
03 03 2021,24.49801972,18.16664873,0,16.84069972,11.09623335,78.28159471,9.053556744,0,0,1
03 03 2021,24.70410409,18.30847872,0,16.71871067,11.16784848,77.94556908,8.869183945,0,0,1
03 03 2021,24.54334982,18.21665656,0,16.84566253,11.14574817,78.30217758,8.965616421,0,0,1
03 03 2021,24.31454851,18.2615638,0,16.89126311,11.14042437,79.16440868,8.878760862,0,0,1
03 03 2021,24.03758371,18.37023756,0,16.94712856,11.28445794,79.9817707,8.672045734,0,0,1
03 03 2021,24.40668667,18.26367076,0,16.84293248,11.07365926,78.73764629,8.902729575,0,0,1
03 03 2021,24.42488199,18.26473888,0,16.87033963,11.16076524,79.70792074,8.777990812,0,0,1
03 03 2021,24.42810872,18.21062891,0,16.89911674,11.11308005,78.52962927,8.997108665,0,0,1
03 03 2021,24.10948949,18.24037368,0,16.90806281,11.08294217,79.40061221,8.873569728,0,0,1
03 03 2021,24.474928,18.19641003,0,16.86527055,11.09475802,78.3812463,8.980626481,0,0,1
03 03 2021,24.74004819,18.28109663,0,16.80530144,11.10727769,77.75631663,8.973322261,0,0,1
03 03 2021,23.96568407,18.21450056,0,16.9253358,11.08856118,79.57525465,8.869037829,0,0,1
03 03 2021,24.43525314,18.15895247,0,16.82457043,11.10063904,78.37330496,9.036729414,0,0,1
03 03 2021,24.50956082,18.26335436,0,16.88492987,11.12005266,78.4506026,8.930725716,0,0,1
03 03 2021,24.71830426,18.25160727,0,16.82502906,11.09041077,77.66151538,9.039220018,0,0,1
03 03 2021,24.08495466,18.20951831,0,16.88013358,11.17855426,79.90885448,8.713332884,0,0,1
03 03 2021,24.22953037,18.14456411,0,16.93612528,11.12749348,79.41267725,8.894284344,0,0,1
03 03 2021,24.34066087,18.15889747,0,16.8789516,11.09297094,78.80106127,8.981172192,0,0,1
03 03 2021,24.30219309,18.17043529,0,16.88155368,11.08148384,78.7869334,8.984763046,0,0,1
03 03 2021,24.45159301,18.28798753,0,16.94119612,11.17181013,78.60096298,8.901414079,0,0,1
03 03 2021,24.56042399,18.2028308,0,16.87306253,11.08383197,78.12309013,9.020096659,0,0,1
03 03 2021,24.38786596,18.14299852,0,16.96606825,11.0971874,78.47384909,9.045841732,0,0,1
03 03 2021,24.38915015,18.36134575,0,16.8792066,11.12396262,78.91591157,8.809542959,0,0,1
03 03 2021,24.58435279,18.30749174,0,16.74451863,11.14511935,78.03939442,8.915234558,0,0,1
03 03 2021,24.6979425,18.22298122,0,16.84782819,11.241787,78.11278473,8.95388587,0,0,1
03 03 2021,24.22503582,18.17660711,0,16.94550545,11.08328613,78.9844586,8.983639439,0,0,1
03 03 2021,24.60915578,18.19089596,0,16.86024915,11.10024593,77.97796855,9.056773541,0,0,1
03 03 2021,24.24390953,18.27760774,0,16.94815284,11.14213701,79.11531992,8.848853544,0,0,1
03 03 2021,24.30207587,18.15131968,0,16.89827043,11.08087542,78.7326042,9.011009901,0,0,1
03 03 2021,24.63672937,18.27228259,0,16.96862162,11.23976247,79.06616716,8.773298049,0,0,1
03 03 2021,24,18,0,16.9,11,79.3,9.1,0,0,0
04 03 2021,26.36947038,18.19792939,0,17.27737375,10.11438033,72.35317371,7.817874212,0,0,1
04 03 2021,26.33653474,18.15267723,0,17.23456465,10.072126,72.86741287,7.722057006,0,0,1
04 03 2021,26.39132093,18.23297485,0,17.20422087,10.01764034,72.32258963,7.729151514,0,0,1
04 03 2021,26.45328335,18.27309976,0,17.24204051,10.12938618,72.17461463,7.832978537,0,0,1
04 03 2021,26.40862808,18.17385408,0,17.1789526,10.06895129,72.05553592,7.857504564,0,0,1
04 03 2021,26.06537832,18.42920988,0,17.30826603,10.17288929,73.69237431,7.544525598,0,0,1
04 03 2021,26.27087838,18.31213912,0,17.29792376,10.11375177,72.70878449,7.724717489,0,0,1
04 03 2021,26.317602,18.29824071,0,17.23798583,10.12522184,73.03819588,7.636573581,0,0,1
04 03 2021,26.4135881,18.1613188,0,17.16479878,10.22239995,71.98237112,7.907912432,0,0,1
04 03 2021,26.31870801,18.40318243,0,17.31759186,10.24561998,73.81239534,7.512173264,0,0,1
04 03 2021,26.08209984,18.24323429,0,17.26613523,10.07522463,73.38317741,7.646601585,0,0,1
04 03 2021,26.31400425,18.38998555,0,17.27988067,10.15217304,72.81552926,7.65044918,0,0,1
04 03 2021,26.40137942,18.26648946,0,17.23794897,10.11426332,72.84305989,7.651778357,0,0,1
04 03 2021,26.5944213,18.27727197,0,17.10971728,10.11711914,71.66777881,7.84555971,0,0,1
04 03 2021,26.24623893,18.18283516,0,17.25665601,10.1434847,72.69238759,7.764283785,0,0,1
04 03 2021,26.42885278,18.21300237,0,17.17218752,10.02236052,72.18638667,7.733872462,0,0,1
04 03 2021,26.63177669,18.24498693,0,17.17032942,10.10863162,71.75232009,7.84480377,0,0,1
04 03 2021,26.48533913,18.24611173,0,17.15671186,10.06083576,71.90904399,7.815094472,0,0,1
04 03 2021,26.2191965,18.11707931,0,17.30870785,10.03267579,72.56624722,7.831161691,0,0,1
04 03 2021,26.29609413,18.12598774,0,17.24599873,10.03286401,72.34554404,7.839277071,0,0,1
04 03 2021,26.58692827,18.29845922,0,17.10277407,10.05325808,71.84783792,7.729033465,0,0,1
04 03 2021,26.14365454,18.18658089,0,17.38556879,10.10818916,73.15782022,7.697676214,0,0,1
04 03 2021,26.36318516,18.38488964,0,17.30694125,10.25065204,73.10370586,7.60239583,0,0,1
04 03 2021,26.05244819,18.2416191,0,17.21929766,10.13012886,73.52309452,7.603317881,0,0,1
04 03 2021,26.44506554,18.18696768,0,17.18376637,10.10547993,72.12180674,7.779496561,0,0,1
04 03 2021,26.38827116,18.23026049,0,17.22279546,10.24114708,72.53251526,7.767808355,0,0,1
04 03 2021,26.04106027,18.32192621,0,17.25783029,10.18190418,74.05509171,7.503301413,0,0,1
04 03 2021,25.96429145,18.24634148,0,17.32176193,10.11373534,73.56696877,7.623197797,0,0,1
04 03 2021,26.18602824,18.14609692,0,17.24547282,10.01475206,72.55759447,7.792929247,0,0,1
04 03 2021,26.1647237,18.20558712,0,17.29523279,10.03599445,72.8048363,7.737611888,0,0,1
04 03 2021,26,18,0,17.3,9.9,72.9,7.8,0,0,0
05 03 2021,30.06350561,20.03758066,0,17.35226868,11.76428564,80.74359931,9.022226614,0,0,1
05 03 2021,30.28239549,20.11172637,0,17.24287258,11.7510615,80.39547409,8.969693255,0,0,1
05 03 2021,29.84326856,20.0939413,0,17.42336835,11.83943764,82.35158768,8.850919671,0,0,1
05 03 2021,29.99203876,20.08590053,0,17.3409579,11.78648913,81.51076377,8.937586618,0,0,1
05 03 2021,30.14031723,20.12453588,0,17.24152784,11.74810029,80.60892208,8.970566018,0,0,1
05 03 2021,30.01868454,20.07315974,0,17.47849643,11.88084964,81.63999955,8.866274964,0,0,1
05 03 2021,30.05509609,20.0407293,0,17.36843221,11.74819069,81.05390092,8.986575152,0,0,1
05 03 2021,29.78888911,20.02282113,0,17.41461838,11.74508495,82.07619338,8.928454444,0,0,1
05 03 2021,30.10527419,20.00258274,0,17.31588554,11.76033575,80.9658552,9.107254543,0,0,1
05 03 2021,29.8845089,20.16820691,0,17.38703955,11.86236761,81.56729944,8.808281353,0,0,1
05 03 2021,29.9634229,20.13224751,0,17.35656176,11.77357783,81.19252217,8.902353569,0,0,1
05 03 2021,29.98632493,20.03198672,0,17.29803019,11.79502918,81.1828927,8.964244933,0,0,1
05 03 2021,30.16870599,20.09029351,0,17.29792961,11.71937272,80.97938432,8.996590747,0,0,1
05 03 2021,30.07677587,19.95912821,0,17.35920348,11.84820797,80.63483166,9.112254905,0,0,1
05 03 2021,29.97620816,20.01224808,0,17.37143904,11.72425722,81.09795559,9.068437964,0,0,1
05 03 2021,29.79088803,20.05132883,0,17.33604504,11.81539601,81.92040484,8.797952801,0,0,1
05 03 2021,30.00868154,20.041481,0,17.37783751,11.73086964,81.15004649,9.011693135,0,0,1
05 03 2021,29.73398383,19.94210345,0,17.43792259,11.79491844,82.25404925,8.856123806,0,0,1
05 03 2021,30.18567592,20.12132052,0,17.35016566,11.78085443,80.72468293,8.93299341,0,0,1
05 03 2021,29.55564583,20.09591739,0,17.29490138,11.89501101,82.54135233,8.747731787,0,0,1
05 03 2021,30.05458904,20.12487497,0,17.29017913,11.76092062,80.80660389,8.916312349,0,0,1
05 03 2021,30.26173743,20.14764917,0,17.34044502,11.80751429,80.71048865,8.877954489,0,0,1
05 03 2021,30.11597269,20.03339807,0,17.31449742,11.74754256,81.02031578,9.062691239,0,0,1
05 03 2021,30.23719925,20.09709275,0,17.23264783,11.7601552,80.14350653,9.006704862,0,0,1
05 03 2021,30.00997352,20.00757774,0,17.38325747,11.73750698,81.22001498,9.070028535,0,0,1
05 03 2021,29.88765949,20.08958332,0,17.34872356,11.78232428,81.67098968,8.860401373,0,0,1
05 03 2021,30.14158677,19.95821871,0,17.30980015,11.84221955,80.41876939,9.130745032,0,0,1
05 03 2021,30.11500667,20.03334677,0,17.32864307,11.74407589,81.0372142,9.050640215,0,0,1
05 03 2021,29.98456844,20.04718523,0,17.32144581,11.77049475,81.64132023,8.864631711,0,0,1
05 03 2021,29.92506078,20.19385303,0,17.34202398,11.8356434,82.04951506,8.712734912,0,0,1
05 03 2021,30,20,0,17.4,11.7,82.1,9.1,0,0,0
06 03 2021,29.94806219,20.05077326,0,17.7063634,12.56323899,85.51559709,7.343834514,0,0,1
06 03 2021,29.90345252,19.95525387,0,17.81529152,12.62372424,86.09565435,7.289400233,0,0,1
06 03 2021,30.05030166,20.07329575,0,17.71072096,12.57542684,85.86555807,7.287665271,0,0,1
06 03 2021,30.20494909,20.17754608,0,17.55289283,12.5848356,84.81971928,7.245997764,0,0,1
06 03 2021,29.93376502,20.0827301,0,17.70392176,12.57128867,85.66540981,7.289222689,0,0,1
06 03 2021,29.82192294,20.06297932,0,17.83006749,12.66183896,86.81058341,7.193145355,0,0,1
06 03 2021,30.15068556,20.06747129,0,17.70614909,12.60693918,85.43298527,7.317492213,0,0,1
06 03 2021,29.91706589,20.01482693,0,17.76118634,12.61305187,85.66016387,7.343809897,0,0,1
06 03 2021,29.94425464,20.03107573,0,17.68075724,12.69438423,85.31510784,7.306619238,0,0,1
06 03 2021,29.88848878,19.92874882,0,17.64761245,12.6339221,86.22526575,7.178171959,0,0,1
06 03 2021,30.05124784,20.0787628,0,17.6991525,12.61047709,85.8897259,7.277152555,0,0,1
06 03 2021,29.87749805,20.04620286,0,17.93621814,12.77198866,86.57342863,7.129702232,0,0,1
06 03 2021,30.21571487,20.06533249,0,17.61065627,12.58814268,84.62614355,7.398691114,0,0,1
06 03 2021,29.95830344,20.01291578,0,17.78136653,12.69114717,85.9250068,7.312580771,0,0,1
06 03 2021,29.85176566,20.07199779,0,17.68553995,12.61407545,86.08898187,7.226361786,0,0,1
06 03 2021,29.93890016,19.99904437,0,17.70960457,12.67065947,85.60669553,7.291686429,0,0,1
06 03 2021,29.95485215,20.13483412,0,17.65682335,12.57341461,85.68766821,7.229612705,0,0,1
06 03 2021,30.186907,20.08135677,0,17.64281912,12.53731829,84.81737158,7.361652684,0,0,1
06 03 2021,30.19962069,20.11093311,0,17.63804964,12.57645515,85.2417816,7.293667758,0,0,1
06 03 2021,29.92786286,20.12674023,0,17.68095922,12.59260493,86.40339455,7.16358331,0,0,1
06 03 2021,30.2970776,20.09429782,0,17.58089557,12.55493825,84.64539317,7.39559617,0,0,1
06 03 2021,29.81884444,19.99937474,0,17.73139091,12.69802045,86.95630102,7.098688898,0,0,1
06 03 2021,30.09984622,20.07506145,0,17.66155636,12.54799202,84.85799521,7.382529595,0,0,1
06 03 2021,30.31703307,20.12265606,0,17.56007905,12.58436626,84.63536187,7.343558496,0,0,1
06 03 2021,29.90984344,20.06041147,0,17.75816919,12.61599099,86.44880792,7.208801341,0,0,1
06 03 2021,29.86243791,20.01162525,0,17.7792278,12.61612878,86.05166819,7.280615431,0,0,1
06 03 2021,30.24542051,20.04952384,0,17.61956735,12.58846937,84.78461991,7.407319788,0,0,1
06 03 2021,30.16475285,20.03580498,0,17.63597439,12.5874832,85.00359907,7.42284285,0,0,1
06 03 2021,29.80628602,20.15294615,0,17.69766302,12.56263107,85.65751945,7.226295166,0,0,1
06 03 2021,30.18451183,20.01485086,0,17.60041687,12.64210888,85.01669475,7.4226054,0,0,1
06 03 2021,30,20,0,17.8,12.6,87,7.3,0,0,0
07 03 2021,29.88246005,20.16618095,0,16.95635313,13.25824534,81.01042172,10.66614475,0,0,1
07 03 2021,30.28491647,20.00730955,0,16.72559562,13.33200411,79.82916459,10.95735815,0,0,1
07 03 2021,29.85818631,20.07236339,0,16.85496923,13.25066291,80.87980447,10.71306837,0,0,1
07 03 2021,29.78871292,20.00813985,0,16.94744603,13.28730292,80.71212128,10.73994672,0,0,1
07 03 2021,29.60154137,20.10645431,0,16.91474194,13.3291087,82.00893759,10.63619403,0,0,1
07 03 2021,30.0975825,20.13595848,0,16.75997815,13.23188694,80.42468069,10.66388018,0,0,1
07 03 2021,30.20798473,20.01615982,0,16.79602886,13.27351573,80.31780252,10.99534714,0,0,1
07 03 2021,29.97211566,20.08881047,0,17.02174127,13.34576398,81.54329447,10.65095969,0,0,1
07 03 2021,30.07279765,20.1114817,0,16.8023678,13.15650043,79.9897325,10.76791007,0,0,1
07 03 2021,29.64945549,20.14861507,0,16.85756633,13.23551435,81.84200767,10.69208869,0,0,1
07 03 2021,30.06141886,20.0732505,0,16.88143326,13.239751,80.40683954,10.82868125,0,0,1
07 03 2021,29.98437055,20.06761232,0,16.90964344,13.26223099,80.92523818,10.84931177,0,0,1
07 03 2021,29.75142253,20.07031788,0,16.95681227,13.27671185,81.60471762,10.64462909,0,0,1
07 03 2021,30.06835713,20.06972627,0,16.82882777,13.303491,80.85075801,10.90297592,0,0,1
07 03 2021,29.66071749,20.10385088,0,16.84321895,13.29121061,82.06789514,10.68006056,0,0,1
07 03 2021,29.90818981,20.07887883,0,16.95803476,13.26509032,81.4090166,10.74845135,0,0,1
07 03 2021,30.14680529,20.07485041,0,16.805931,13.1365719,79.78299465,10.83049181,0,0,1
07 03 2021,30.03088149,20.0949158,0,16.86731351,13.26488968,80.90568776,10.80519833,0,0,1
07 03 2021,30.23197683,20.13749846,0,16.75513394,13.24145458,79.95174355,10.68549981,0,0,1
07 03 2021,30.04515215,19.99874509,0,17.05008751,13.27187982,80.38127394,10.81516135,0,0,1
07 03 2021,30.15618331,20.009867,0,16.87646517,13.25570365,80.23240743,10.9142101,0,0,1
07 03 2021,30.31688103,20.10705613,0,16.74382481,13.19913258,79.91793873,10.8668636,0,0,1
07 03 2021,30.06782375,20.11707691,0,16.94225579,13.39674446,82.00796235,10.60077615,0,0,1
07 03 2021,30.10673991,20.09678147,0,16.83138409,13.18705315,80.35032816,10.82611822,0,0,1
07 03 2021,30.22108581,20.12750241,0,16.84215634,13.24261432,80.12129689,10.72845452,0,0,1
07 03 2021,29.96921424,20.13056873,0,16.88240698,13.23608242,80.97338656,10.74164116,0,0,1
07 03 2021,29.84560045,20.20327089,0,16.8037129,13.22316034,81.38123188,10.68768237,0,0,1
07 03 2021,29.9992495,20.01357548,0,17.06562429,13.3573966,81.68255514,10.64944867,0,0,1
07 03 2021,29.87597262,19.98786152,0,16.88338564,13.28073919,81.62503374,10.82496513,0,0,1
07 03 2021,29.9951209,20.05989136,0,16.86540526,13.34418073,81.10632829,10.67202531,0,0,1
07 03 2021,30,20,0,16.9,13.3,81.7,11.1,0,0,0
08 03 2021,30.17076666,20.05878343,0,15.10406934,11.84784712,85.04264789,10.25741005,4.2,0,1
08 03 2021,30.20363265,20.03502979,0,15.14742405,11.85966594,84.7923688,10.27689829,4.2,0,1
08 03 2021,29.81951517,20.07054081,0,15.2481457,11.95065104,86.58605264,9.861266385,4.2,0,1
08 03 2021,29.85758747,19.9747236,0,15.24352602,11.90844951,85.73592853,10.17453632,4.2,0,1
08 03 2021,29.77473146,20.24291332,0,15.27649821,11.87511579,85.64660342,9.929920775,4.2,0,1
08 03 2021,30.13691394,20.1062146,0,15.12990316,11.81115032,84.59263333,10.18005487,4.2,0,1
08 03 2021,29.84869106,20.03994817,0,15.33622618,11.97649889,86.10518779,10.02364245,4.2,0,1
08 03 2021,30.21551772,20.05254062,0,15.12745864,11.83330026,84.68542729,10.27499228,4.2,0,1
08 03 2021,29.63660041,20.17775973,0,15.29876706,11.93868422,86.54449569,9.94660367,4.2,0,1
08 03 2021,29.89586677,20.11443325,0,15.18402977,11.86800841,86.08432988,10.12808068,4.2,0,1
08 03 2021,30.24773533,20.2210137,0,15.17890179,11.92596934,84.82150789,10.02911307,4.2,0,1
08 03 2021,29.82408711,20.09968266,0,15.29221776,11.92353818,86.11958527,9.909380535,4.2,0,1
08 03 2021,30.11072049,20.11502208,0,15.25917774,11.93748005,85.51534493,10.0884914,4.2,0,1
08 03 2021,29.99007888,20.14269849,0,15.13504031,11.88667741,84.73192613,10.07742785,4.2,0,1
08 03 2021,30.0757162,20.07599035,0,15.15967294,11.82387709,84.78156507,10.20189493,4.2,0,1
08 03 2021,29.82589386,20.18123531,0,15.28315278,11.94945229,86.42454274,9.932334722,4.2,0,1
08 03 2021,30.02761822,20.07739762,0,15.30225882,11.8536824,84.87145228,10.15210982,4.2,0,1
08 03 2021,30.08382289,20.06246309,0,15.18138035,11.86905193,84.53694604,10.19245573,4.2,0,1
08 03 2021,30.13512328,20.05942106,0,15.15074069,11.8463608,85.36765038,10.23081964,4.2,0,1
08 03 2021,29.86788613,20.20071637,0,15.31871645,11.97943422,86.0498285,9.881838778,4.2,0,1
08 03 2021,29.95501237,20.1107452,0,15.16102479,11.90899163,86.35980363,10.12207065,4.2,0,1
08 03 2021,30.08664109,20.01680428,0,15.17126766,11.87397931,86.00517093,10.11575601,4.2,0,1
08 03 2021,30.09743183,20.08452635,0,15.17825456,11.88958444,85.52336069,10.19242264,4.2,0,1
08 03 2021,29.84733823,20.11769025,0,15.20053614,11.82263441,85.86065621,10.13968315,4.2,0,1
08 03 2021,30.17785652,20.11292865,0,15.171953,11.81225023,84.72128614,10.17362841,4.2,0,1
08 03 2021,30.00967664,20.05458061,0,15.21450453,11.86880458,84.9449429,10.15363798,4.2,0,1
08 03 2021,30.02479358,19.94630355,0,15.35962907,11.97027153,85.83491735,10.11196166,4.2,0,1
08 03 2021,30.02848496,20.12254129,0,15.27925943,11.91157574,85.81746515,10.02869984,4.2,0,1
08 03 2021,30.06727548,20.17982721,0,15.20483642,11.8899363,85.40762806,10.03720967,4.2,0,1
08 03 2021,30.10665877,20.19542958,0,15.14648288,11.84918618,85.63334238,10.06791137,4.2,0,1
08 03 2021,30,20,0,15.1,11.8,86.6,10.4,4.2,0,0
09 03 2021,31.27886774,20.191505,0,16.6482813,12.29176143,87.78534905,4.77299201,0.2,0,1
09 03 2021,31.91563094,20.06555711,0,16.60044399,12.18098493,86.76020948,4.937414538,0.2,0,1
09 03 2021,32.03241897,20.09043311,0,16.50005308,12.18245222,85.81319114,5.029497514,0.2,0,1
09 03 2021,32.03150328,20.03887605,0,16.52624385,12.22048207,86.18579928,5.018818966,0.2,0,1
09 03 2021,31.6885174,20.13172907,0,16.64176447,12.22509323,87.24604538,4.852848453,0.2,0,1
09 03 2021,31.86387339,20.11988254,0,16.58871405,12.23861932,86.90039271,4.881205153,0.2,0,1
09 03 2021,31.59227397,20.15614504,0,16.62431365,12.23434671,87.47057035,4.815204934,0.2,0,1
09 03 2021,31.67002147,20.05775446,0,16.66786281,12.25539884,87.6252533,4.834594711,0.2,0,1
09 03 2021,32.07333695,19.97996814,0,16.48247681,12.27139027,85.48766909,5.201591496,0.2,0,1
09 03 2021,31.90008848,20.1749594,0,16.57088004,12.24526405,86.05806001,4.957996539,0.2,0,1
09 03 2021,32.26563079,20.12616702,0,16.44403693,12.1979,85.27448751,5.022056969,0.2,0,1
09 03 2021,31.74901712,20.04518838,0,16.64497975,12.25099348,85.96410913,5.111834387,0.2,0,1
09 03 2021,31.70663825,20.18421893,0,16.55894272,12.22205927,86.29621665,4.909640461,0.2,0,1
09 03 2021,31.82873543,20.14066593,0,16.62576659,12.21391936,87.208331,4.844999093,0.2,0,1
09 03 2021,31.95525086,20.02584259,0,16.57287412,12.20728802,86.6445279,4.986470002,0.2,0,1
09 03 2021,32.04855368,20.06385997,0,16.48820422,12.23323316,86.03756439,4.999302677,0.2,0,1
09 03 2021,31.93558534,20.07402011,0,16.54489248,12.19880749,86.69911175,4.907954177,0.2,0,1
09 03 2021,31.94416714,20.06333121,0,16.57930022,12.21295284,86.20922909,5.025572454,0.2,0,1
09 03 2021,31.89937881,20.12264758,0,16.53506402,12.24204936,87.45487573,4.801100061,0.2,0,1
09 03 2021,31.79770422,20.09343214,0,16.61831961,12.21479042,86.55554561,4.970264253,0.2,0,1
09 03 2021,31.70479643,20.09406739,0,16.55880501,12.25402032,87.75854109,4.778162263,0.2,0,1
09 03 2021,31.42973405,20.06323128,0,16.51820335,12.28880115,87.88018523,4.75684187,0.2,0,1
09 03 2021,31.84818753,20.1110786,0,16.56906644,12.19844019,86.85951451,4.891640275,0.2,0,1
09 03 2021,31.98501046,20.03601274,0,16.57121654,12.23224005,86.58950718,4.969282814,0.2,0,1
09 03 2021,31.3383451,20.13169492,0,16.70891503,12.37579108,87.78423053,4.76945572,0.2,0,1
09 03 2021,31.72993556,20.11939518,0,16.68664153,12.26191723,87.18751472,4.856446714,0.2,0,1
09 03 2021,31.97495635,20.02954739,0,16.5796983,12.18695762,86.57782551,4.980365825,0.2,0,1
09 03 2021,31.65833117,20.11731325,0,16.55923513,12.22371125,86.66295136,4.91468367,0.2,0,1
09 03 2021,31.87627074,20.0802877,0,16.60089712,12.21488122,86.80129227,4.928638811,0.2,0,1
09 03 2021,31.12310716,20.14806765,0,16.57217267,12.27373549,87.86380433,4.757442925,0.2,0,1
09 03 2021,32,20,0,16.6,12.2,87.9,4.8,0.2,0,0
10 03 2021,31.77419046,20.05405192,0,17.70729619,11.27675751,79.53861833,11.24809609,0.6,0,1
10 03 2021,31.39426582,20.1263162,0,17.73268607,11.42628292,80.29443646,10.9065854,0.6,0,1
10 03 2021,31.79379602,20.04509968,0,17.66605056,11.36465119,80.18061798,11.11357702,0.6,0,1
10 03 2021,32.01306613,20.03950772,0,17.62268908,11.3612659,78.88643508,11.21840291,0.6,0,1
10 03 2021,31.8375958,20.15290892,0,17.62692283,11.36776949,79.08591311,11.0028773,0.6,0,1
10 03 2021,32.01447857,20.0610436,0,17.56310033,11.31831798,78.24786376,11.22086786,0.6,0,1
10 03 2021,31.9561196,20.06448033,0,17.6697031,11.30669147,78.90452527,11.1896141,0.6,0,1
10 03 2021,32.00823622,20.06591564,0,17.61576589,11.27343381,78.68584844,11.22840044,0.6,0,1
10 03 2021,31.8418688,20.08087657,0,17.57775915,11.30941549,78.51966422,11.12886901,0.6,0,1
10 03 2021,32.04075694,20.12522056,0,17.49677016,11.26964786,78.05724856,11.10785336,0.6,0,1
10 03 2021,31.74029553,20.05333669,0,17.73205396,11.32205928,79.58153309,11.10772903,0.6,0,1
10 03 2021,32.06113779,20.08488335,0,17.56574437,11.27260572,78.62737658,11.2744094,0.6,0,1
10 03 2021,31.86339409,20.26319905,0,17.54908158,11.28219352,79.03069,10.93243461,0.6,0,1
10 03 2021,32.03832841,20.0583303,0,17.58224763,11.24664085,78.81890541,11.29346679,0.6,0,1
10 03 2021,32.12808469,20.08619298,0,17.52221651,11.27341973,78.49259896,11.28692573,0.6,0,1
10 03 2021,31.97933616,20.08245062,0,17.60742709,11.30406492,78.90935411,11.22831811,0.6,0,1
10 03 2021,31.61241769,20.18292535,0,17.64694021,11.50532697,80.50180796,10.89915646,0.6,0,1
10 03 2021,32.02080319,20.07745831,0,17.56792649,11.25190765,78.61588349,11.24632593,0.6,0,1
10 03 2021,32.03938673,20.12626503,0,17.55966221,11.27799804,78.33932741,11.13406888,0.6,0,1
10 03 2021,32.01610789,20.20362758,0,17.57227005,11.31133511,78.65766773,10.99794067,0.6,0,1
10 03 2021,31.99929685,20.05061785,0,17.56893218,11.25513101,78.60798678,11.29260583,0.6,0,1
10 03 2021,31.85340928,20.01431868,0,17.67527317,11.29385977,79.34045228,11.29104485,0.6,0,1
10 03 2021,31.91016265,20.0577594,0,17.65369831,11.32952356,79.16620725,11.23661973,0.6,0,1
10 03 2021,31.68487648,20.10145936,0,17.74326897,11.48075489,80.0776231,10.92273312,0.6,0,1
10 03 2021,31.26287272,20.13301215,0,17.66532056,11.35311712,80.10581949,10.91280483,0.6,0,1
10 03 2021,31.84476184,19.91731093,0,17.76880224,11.41052814,78.9168051,11.17541396,0.6,0,1
10 03 2021,31.88415177,20.10446143,0,17.59459336,11.25646651,78.87950497,11.18482953,0.6,0,1
10 03 2021,31.9543162,20.06619196,0,17.60519719,11.25471579,79.04493021,11.26280067,0.6,0,1
10 03 2021,31.8549542,20.08113491,0,17.58783139,11.29110047,79.30122426,11.16608883,0.6,0,1
10 03 2021,31.93973379,20.06177259,0,17.59879693,11.3020914,79.03498417,11.28527175,0.6,0,1
10 03 2021,32,20,0,17.7,11.2,79.9,11.5,0.6,0,0
11 03 2021,39.3941573,21.06820565,4.46324195,17.23602496,10.48925971,66.48992914,9.031719734,0,1,1
11 03 2021,39.09078947,21.12981317,4.090322939,17.15489948,10.61492862,66.466381,8.914766031,0,1,1
11 03 2021,39.07573559,21.00889075,4.288523105,17.37943754,10.64830282,66.43515672,9.057448324,0,1,1
11 03 2021,39.40641053,21.00497429,3.949268693,17.21373058,10.53355361,65.93429998,9.105518446,0,1,1
11 03 2021,39.28393955,21.08202486,4.235182773,17.23148552,10.56069124,66.35648427,8.958477589,0,1,1
11 03 2021,39.35966989,21.02966843,3.878720788,17.22371254,10.51333744,66.06200157,9.095248487,0,1,1
11 03 2021,39.3035289,20.99570806,4.386055431,17.17780678,10.52964687,65.72126388,9.114087075,0,1,1
11 03 2021,39.30774913,20.98051348,4.187282175,17.19973174,10.53486029,65.84633996,9.145492654,0,1,1
11 03 2021,39.40247595,20.94854104,4.406150158,17.29826159,10.50283198,66.17424489,9.175895546,0,1,1
11 03 2021,39.5067125,21.10233648,3.797856737,17.19486411,10.4933241,66.10343774,9.025233861,0,1,1
11 03 2021,39.14112003,20.95243153,3.905590085,17.21481937,10.53403392,65.86758103,9.157511778,0,1,1
11 03 2021,39.37631152,20.94387003,4.451894991,17.33239156,10.52536806,66.3189877,9.157538419,0,1,1
11 03 2021,39.56266726,20.99388797,4.449138858,17.16960963,10.53056773,65.70727307,9.194546774,0,1,1
11 03 2021,39.41438672,20.97720016,4.130927871,17.19041001,10.58069425,65.78660725,9.1531288,0,1,1
11 03 2021,39.41422484,21.00008648,3.826588076,17.12565123,10.54178357,65.35948399,9.134711873,0,1,1
11 03 2021,39.45974093,20.89422591,3.848756574,17.06412621,10.66598341,65.24982519,9.286186588,0,1,1
11 03 2021,39.48306343,20.93272198,4.387906294,17.25026801,10.55440402,65.86403085,9.215344683,0,1,1
11 03 2021,39.44502333,20.99401223,4.205101289,17.04185202,10.59228896,65.19758302,9.205811377,0,1,1
11 03 2021,39.48641963,20.99238133,4.493256572,17.33501604,10.51408492,66.41529551,9.118657319,0,1,1
11 03 2021,39.3454925,20.99874122,4.246464196,17.26365582,10.53606112,65.98875852,9.124813654,0,1,1
11 03 2021,39.53645516,20.99703759,4.355850672,17.18806021,10.5038884,65.7150229,9.147588164,0,1,1
11 03 2021,39.53053389,21.13405649,4.184593996,17.09770036,10.54732911,65.6743727,8.971732846,0,1,1
11 03 2021,39.44800013,20.93466677,4.015114071,17.12782049,10.62328481,65.44049086,9.215311175,0,1,1
11 03 2021,39.23523091,21.00414374,3.96631693,17.21354258,10.55451694,66.01535784,9.086329904,0,1,1
11 03 2021,39.16230446,21.01569187,4.435888827,17.26235498,10.56780683,67.33131861,8.933068803,0,1,1
11 03 2021,39.30217556,20.99477913,4.47276929,17.36033536,10.66424107,66.42853455,9.032281833,0,1,1
11 03 2021,39.25463164,20.94867518,4.209380432,17.20228145,10.5802714,65.81209383,9.166128777,0,1,1
11 03 2021,39.2489229,20.98365815,4.527079072,17.25883423,10.51231897,66.1631661,9.116895032,0,1,1
11 03 2021,39.66341376,20.98831437,4.285193291,17.20788701,10.51086539,65.7673147,9.169331781,0,1,1
11 03 2021,39.51391181,21.07000257,4.06986355,17.16314061,10.50214953,66.0541746,9.03608041,0,1,1
11 03 2021,40,21,4.567551622,17.3,10.4,66.2,9.2,0,1,0
12 03 2021,7.266252033,8.667451099,0,16.95118449,9.324603732,71.66851676,6.830382196,0,0,1
12 03 2021,7.334610619,8.706838146,0,16.83076269,9.317435919,72.18200658,6.714984155,0,0,1
12 03 2021,8.416477039,9.211461648,0,16.69512416,9.401695631,70.49556201,6.856277106,0,0,1
12 03 2021,7.657698669,8.83512567,0,16.85911673,9.333906685,71.23643606,6.840954446,0,0,1
12 03 2021,7.986703888,8.955851823,0,16.8383821,9.374812186,70.96466415,6.89335303,0,0,1
12 03 2021,7.776471302,9.05737038,0,16.90775154,9.411305454,72.01583139,6.749902223,0,0,1
12 03 2021,7.378967538,8.692770779,0,16.84798611,9.262496142,71.21562974,6.840090715,0,0,1
12 03 2021,7.920064837,9.34293437,0,16.88271635,9.511541418,73.0832064,6.575594198,0,0,1
12 03 2021,7.331812955,8.733358487,0,16.83932704,9.249716596,71.39149972,6.793418534,0,0,1
12 03 2021,7.982041284,8.967522636,0,16.74500383,9.338850611,70.68414488,6.876507057,0,0,1
12 03 2021,7.765968539,8.916001871,0,16.85985174,9.390240701,71.56537133,6.828543656,0,0,1
12 03 2021,7.424921639,8.77748999,0,17.01956405,9.420791487,72.14110889,6.71134002,0,0,1
12 03 2021,7.922634006,8.976738781,0,16.77753519,9.374184315,70.93138444,6.869485286,0,0,1
12 03 2021,8.302076325,9.130963564,0,16.76025929,9.381646378,70.7271221,6.887244913,0,0,1
12 03 2021,7.175945699,8.753047541,0,16.93693229,9.280079718,71.86593259,6.788099025,0,0,1
12 03 2021,8.055584438,9.271090209,0,16.89159998,9.49903264,72.32914167,6.711635498,0,0,1
12 03 2021,8.210999265,9.180728227,0,16.74964567,9.37501855,71.07179478,6.739941966,0,0,1
12 03 2021,8.040305838,9.253829598,0,16.83712145,9.488892537,72.90942522,6.594378352,0,0,1
12 03 2021,7.799725041,8.923600271,0,16.80422596,9.320474071,71.01623828,6.867434464,0,0,1
12 03 2021,7.888899416,8.992049277,0,16.76041452,9.305141854,71.52927505,6.714499622,0,0,1
12 03 2021,8.338828206,9.393434554,0,16.82173144,9.45320293,71.95453974,6.682013984,0,0,1
12 03 2021,8.016362689,9.316682249,0,16.92705137,9.431393155,72.12679011,6.71347496,0,0,1
12 03 2021,8.003486194,9.274399906,0,16.9735078,9.401470586,71.93763271,6.798740278,0,0,1
12 03 2021,8.265848815,9.153029799,0,16.83408592,9.386433746,70.91223073,6.848454038,0,0,1
12 03 2021,7.57976865,8.820585042,0,16.92087702,9.303658603,71.38363924,6.874677171,0,0,1
12 03 2021,7.6226952,8.823879242,0,16.83559287,9.2791561,71.13208647,6.852487855,0,0,1
12 03 2021,7.200088337,8.776918381,0,16.87456314,9.290125182,71.94814196,6.723848532,0,0,1
12 03 2021,7.00056991,8.753458738,0,16.86305454,9.328810512,72.59370809,6.655789466,0,0,1
12 03 2021,7.619747825,8.956215337,0,16.85260787,9.319068863,71.50148792,6.773674035,0,0,1
12 03 2021,7.998951644,9.009353325,0,16.908103,9.381355619,71.27481567,6.845093904,0,0,1
12 03 2021,6,8,0,16.9,9.1,71.7,6.8,0,0,0
13 03 2021,13.09793378,12.58194596,0,16.21008612,10.25388177,79.49824739,5.959206232,0,0,1
13 03 2021,13.0207187,12.82289956,0,16.12427408,10.39817144,80.19750004,5.830465952,0,0,1
13 03 2021,13.26221888,13.0501615,0,16.25874086,10.41072193,80.10378211,5.834997391,0,0,1
13 03 2021,13.66409423,12.7235881,0,16.19496185,10.27337416,77.93412425,6.119883819,0,0,1
13 03 2021,13.20554807,12.60566059,0,16.27361014,10.4454439,79.75986775,5.987118906,0,0,1
13 03 2021,13.27288157,12.60770351,0,16.25949291,10.26156368,78.48910291,6.120208262,0,0,1
13 03 2021,13.55091089,12.70677243,0,16.14683678,10.23928709,78.01758882,6.113169481,0,0,1
13 03 2021,13.40302687,12.70996793,0,16.23326844,10.24740262,78.40796868,6.139204847,0,0,1
13 03 2021,13.33181574,12.64128028,0,16.13931791,10.30852993,78.53115367,6.055491815,0,0,1
13 03 2021,13.60403018,12.91982742,0,16.32465815,10.3529374,78.85131878,6.023277816,0,0,1
13 03 2021,13.56820933,12.73376463,0,16.19015346,10.27537369,78.14048757,6.162697819,0,0,1
13 03 2021,13.06303086,12.46362787,0,16.2981835,10.2123682,78.63491799,6.130929293,0,0,1
13 03 2021,12.91853907,12.56349112,0,16.20615905,10.22823377,79.20535212,5.97160918,0,0,1
13 03 2021,13.24314501,12.60711876,0,16.25522065,10.2890729,78.65368536,6.096661466,0,0,1
13 03 2021,12.97939845,12.43617439,0,16.27328826,10.24213486,78.74428795,6.115786941,0,0,1
13 03 2021,12.96184449,12.55108056,0,16.27588181,10.3710159,79.76290246,5.931467949,0,0,1
13 03 2021,13.28167518,12.684941,0,16.25396688,10.2645292,78.74005853,6.050101543,0,0,1
13 03 2021,13.06532291,12.63290321,0,16.20894747,10.23166718,78.84710407,5.998240424,0,0,1
13 03 2021,13.34826835,12.60164118,0,16.16651146,10.24538727,78.25155437,6.088400887,0,0,1
13 03 2021,13.72587349,12.78157531,0,16.25362334,10.27390889,78.0198095,6.193457398,0,0,1
13 03 2021,13.34008549,12.69102949,0,16.19057112,10.21374008,78.39652625,6.095528778,0,0,1
13 03 2021,14.05519339,12.89509434,0,16.20293616,10.36714457,77.73339781,6.184613893,0,0,1
13 03 2021,12.81571979,12.4277799,0,16.25438072,10.22262821,78.9435749,6.079202562,0,0,1
13 03 2021,13.25555659,12.59174422,0,16.15568865,10.23012842,78.46406675,6.005955495,0,0,1
13 03 2021,13.31562881,12.6334308,0,16.34183065,10.35644977,78.72988421,6.084230399,0,0,1
13 03 2021,13.08911608,12.58725513,0,16.2073328,10.27893269,79.47738185,5.932407875,0,0,1
13 03 2021,13.05759142,12.65831815,0,16.28759571,10.24722168,79.12268231,5.994246393,0,0,1
13 03 2021,12.73771244,12.48474268,0,16.18572745,10.3234391,79.80597071,5.914528981,0,0,1
13 03 2021,13.32509806,12.64002382,0,16.21675742,10.25909984,78.53700816,6.090165636,0,0,1
13 03 2021,13.18863576,12.5787806,0,16.28255849,10.25518513,78.62626565,6.160199052,0,0,1
13 03 2021,12,12,0,16.2,10.1,79.4,6,0,0,0
14 03 2021,18.65035036,16.26402847,0,17.45786859,10.6956248,74.72346669,13.07911727,0,0,1
14 03 2021,18.77228182,16.27895857,0,17.46211912,10.76148738,75.02240012,12.99364628,0,0,1
14 03 2021,19.0156514,16.46347836,0,17.35706058,10.73844128,74.43219646,12.85631204,0,0,1
14 03 2021,18.69288451,16.3286473,0,17.49982534,10.76784499,75.33924273,12.94424181,0,0,1
14 03 2021,19.28073749,16.40133155,0,17.28707405,10.75469462,73.63586935,13.04210471,0,0,1
14 03 2021,18.90024504,16.27691016,0,17.40069861,10.72083109,74.15934061,13.10993389,0,0,1
14 03 2021,19.06371851,16.41724968,0,17.46548967,10.82016168,74.54927546,12.89791668,0,0,1
14 03 2021,18.55334568,16.31623427,0,17.49658147,10.83885629,75.79050148,12.85284445,0,0,1
14 03 2021,18.71684507,16.31363633,0,17.38376554,10.66730638,74.5032165,13.05727393,0,0,1
14 03 2021,19.18802966,16.47792401,0,17.43304927,10.74474444,74.33726429,12.81318256,0,0,1
14 03 2021,18.78275369,16.34251069,0,17.42379857,10.68357393,74.59744655,12.99195862,0,0,1
14 03 2021,18.61402404,16.46202864,0,17.41489358,10.77771289,75.84274488,12.74802889,0,0,1
14 03 2021,18.57091278,16.26791107,0,17.4722441,10.69272019,74.95827171,13.05582519,0,0,1
14 03 2021,18.71820161,16.36361129,0,17.4785419,10.82454521,75.60235026,12.76563295,0,0,1
14 03 2021,18.92606975,16.34527596,0,17.43064971,10.7564852,74.421414,13.0005055,0,0,1
14 03 2021,18.58700756,16.31890501,0,17.53410391,10.78826693,75.4417719,12.89593617,0,0,1
14 03 2021,18.86255243,16.55619517,0,17.45058112,10.82341576,76.03000834,12.53654498,0,0,1
14 03 2021,18.80483637,16.32010866,0,17.40280595,10.69520153,74.44782024,13.04247846,0,0,1
14 03 2021,18.95542445,16.57596037,0,17.37943477,10.7387008,75.16507083,12.67177317,0,0,1
14 03 2021,18.94558518,16.33638117,0,17.45943089,10.68347269,74.35672991,13.01798032,0,0,1
14 03 2021,18.70670354,16.40768227,0,17.43653098,10.73734301,74.97359114,12.87447009,0,0,1
14 03 2021,19.43642768,16.47027709,0,17.39893286,10.84593729,73.89276314,12.86402031,0,0,1
14 03 2021,18.63055816,16.28452324,0,17.45186205,10.71983901,75.05443399,13.00205842,0,0,1
14 03 2021,18.7591263,16.32196626,0,17.36493001,10.70371207,74.34691437,13.04345353,0,0,1
14 03 2021,19.22023591,16.51355622,0,17.45284959,10.8002271,74.36451232,12.8079805,0,0,1
14 03 2021,18.64094925,16.45821317,0,17.42694098,10.71763488,75.25654942,12.87313324,0,0,1
14 03 2021,18.91814686,16.40259127,0,17.36869923,10.72989607,74.60197139,12.89980907,0,0,1
14 03 2021,18.5859611,16.42141684,0,17.4635846,10.86081556,75.93301934,12.70788338,0,0,1
14 03 2021,18.89552369,16.33854169,0,17.40674718,10.70062002,74.39714535,12.99811195,0,0,1
14 03 2021,19.14864162,16.40633307,0,17.41228321,10.75168198,74.11882253,12.9346982,0,0,1
14 03 2021,18,16,0,17.5,10.6,75.1,13.4,0,0,0
15 03 2021,22.6276271,18.21719313,0,16.44413908,11.61946025,60.7940543,16.77116926,0,0,1
15 03 2021,22.99741219,18.30451902,0,16.4329874,11.6144231,60.80458864,16.43927781,0,0,1
15 03 2021,22.66468674,18.14345155,0,16.67306794,11.81717864,61.79565408,16.46743715,0,0,1
15 03 2021,22.6014752,18.25200268,0,16.54330279,11.64059855,61.27053307,16.61721303,0,0,1
15 03 2021,22.91017866,18.21598395,0,16.3825835,11.65853102,60.53307383,16.68314085,0,0,1
15 03 2021,22.56419495,18.19073096,0,16.56709144,11.67392806,61.68883273,16.57438624,0,0,1
15 03 2021,22.716768,18.22819634,0,16.48399774,11.66216786,61.01409566,16.63921387,0,0,1
15 03 2021,22.95503699,18.20996167,0,16.41189714,11.6917147,60.47344097,16.71550843,0,0,1
15 03 2021,23.023937,18.3305965,0,16.39541316,11.67466007,60.81495121,16.4022044,0,0,1
15 03 2021,22.50446097,18.16039343,0,16.49056372,11.63936655,60.84495529,16.91446564,0,0,1
15 03 2021,22.73988647,18.16988822,0,16.38314522,11.68060767,60.4243729,16.88439682,0,0,1
15 03 2021,22.49167277,18.20376097,0,16.53562735,11.6653994,61.22089537,16.7439316,0,0,1
15 03 2021,22.36313403,18.27206036,0,16.53591704,11.80917815,62.93213556,16.21362344,0,0,1
15 03 2021,22.54956486,18.211203,0,16.43149427,11.62764895,60.81239815,16.81139322,0,0,1
15 03 2021,22.3693385,18.19926595,0,16.52402825,11.66973524,61.36694999,16.79781252,0,0,1
15 03 2021,22.6992175,18.24079012,0,16.47563253,11.6895107,61.06028463,16.64034155,0,0,1
15 03 2021,22.76851376,18.14227207,0,16.51883783,11.74664563,61.05073669,16.63500691,0,0,1
15 03 2021,22.66517213,18.17803794,0,16.52301975,11.63525095,60.99115497,16.70321192,0,0,1
15 03 2021,22.53510882,18.22260307,0,16.44506842,11.62297214,60.94916406,16.79650472,0,0,1
15 03 2021,22.52351743,18.16746893,0,16.53560272,11.66751258,61.19598132,16.74761586,0,0,1
15 03 2021,22.88405728,18.23565827,0,16.37528634,11.66071084,60.41747918,16.71455786,0,0,1
15 03 2021,22.56116857,18.3520962,0,16.45623791,11.68394438,61.9508389,16.38533563,0,0,1
15 03 2021,22.37852914,18.32757014,0,16.44102085,11.80713081,62.86258161,16.31350977,0,0,1
15 03 2021,22.39381016,18.25918377,0,16.58809131,11.66937986,61.63041531,16.68977351,0,0,1
15 03 2021,22.66004553,18.38642735,0,16.59616956,11.78054815,62.27641444,16.26631483,0,0,1
15 03 2021,22.65768056,18.1624974,0,16.44301402,11.64930795,60.6049074,16.87608456,0,0,1
15 03 2021,22.59299224,18.1479408,0,16.42809401,11.64704855,60.57680907,16.93868446,0,0,1
15 03 2021,22.43940496,18.20794651,0,16.57922486,11.68566271,61.63337165,16.58156443,0,0,1
15 03 2021,22.66124307,18.19472342,0,16.41691873,11.64707244,60.67701994,16.81021318,0,0,1
15 03 2021,22.67360835,18.16995096,0,16.47631051,11.7270405,60.89239403,16.71876856,0,0,1
15 03 2021,22,18,0,16.5,11.6,60.7,17.4,0,0,0
16 03 2021,24.9939356,18.2048179,0,15.72120182,9.436611826,79.40904405,13.42827561,8.4,0,1
16 03 2021,25.49492847,18.07562313,0,15.77237318,9.516232694,79.12443045,13.44994451,8.4,0,1
16 03 2021,25.18807536,18.30340287,0,15.72180297,9.375250752,78.32109785,13.62252376,8.4,0,1
16 03 2021,25.62427292,18.2517667,0,15.66168403,9.389430653,77.37167719,13.73764218,8.4,0,1
16 03 2021,25.35676331,18.23143098,0,15.61618617,9.262572804,78.20404763,13.86926947,8.4,0,1
16 03 2021,25.15380339,18.23659462,0,15.66746061,9.27856146,78.78811368,13.8397488,8.4,0,1
16 03 2021,25.56827001,18.33507811,0,15.7243168,9.434457436,77.83530999,13.53768678,8.4,0,1
16 03 2021,25.25217257,18.13587659,0,15.81124934,9.485789897,79.00328126,13.57977881,8.4,0,1
16 03 2021,25.8215899,18.32976671,0,15.52477863,9.402516267,76.83934242,13.65560724,8.4,0,1
16 03 2021,25.4310052,18.33213255,0,15.69625763,9.511509392,79.23326767,13.46915364,8.4,0,1
16 03 2021,25.49768509,18.39710084,0,15.6649815,9.409191485,77.97426091,13.53141757,8.4,0,1
16 03 2021,25.58166354,18.28061742,0,15.68151111,9.372707904,77.49003384,13.71023253,8.4,0,1
16 03 2021,25.48694104,18.30349166,0,15.74764388,9.436403193,77.84492677,13.62930533,8.4,0,1
16 03 2021,25.23324335,18.13599144,0,15.71388246,9.303980758,78.63340615,13.88570524,8.4,0,1
16 03 2021,25.64276269,18.26632521,0,15.58354042,9.311754048,77.30922283,13.78125926,8.4,0,1
16 03 2021,25.55772299,18.29025947,0,15.58260943,9.418402826,77.46195261,13.63403965,8.4,0,1
16 03 2021,25.40541947,18.39404409,0,15.7119952,9.412220274,78.35312919,13.49843663,8.4,0,1
16 03 2021,25.49904585,18.37740929,0,15.62237886,9.376999009,77.83836351,13.53054647,8.4,0,1
16 03 2021,25.32837814,18.30286508,0,15.63683314,9.29412692,78.33308552,13.77815981,8.4,0,1
16 03 2021,25.40675296,18.21625041,0,15.78963496,9.460220446,78.28292373,13.72799892,8.4,0,1
16 03 2021,25.4352717,18.21813714,0,15.62705946,9.273145123,77.85328624,13.85758364,8.4,0,1
16 03 2021,25.40690703,18.26551385,0,15.71676942,9.439027929,78.11684821,13.60053306,8.4,0,1
16 03 2021,25.49570408,18.21001836,0,15.62140087,9.389004643,77.49775757,13.81055243,8.4,0,1
16 03 2021,25.35637199,18.13413607,0,15.60909763,9.240561215,77.85527781,14.015367,8.4,0,1
16 03 2021,25.41799861,18.21008946,0,15.59637231,9.320349693,78.30261207,13.74238564,8.4,0,1
16 03 2021,25.54770949,18.23217411,0,15.74771124,9.432529391,77.52166481,13.71586514,8.4,0,1
16 03 2021,25.3486632,18.19947466,0,15.75634832,9.367691836,78.14949416,13.81424968,8.4,0,1
16 03 2021,25.21045694,18.17490281,0,15.70731993,9.291183855,78.60289292,13.89165054,8.4,0,1
16 03 2021,25.29026207,18.22750307,0,15.70020658,9.356062448,78.45627918,13.64437926,8.4,0,1
16 03 2021,25.15070625,18.10287344,0,15.80319257,9.376775566,78.97700048,13.78211439,8.4,0,1
16 03 2021,25,18,0,15.6,9.1,78.8,14.3,8.4,0,0
17 03 2021,29.86994837,19.20843239,0,16.5689265,10.17396589,62.77516843,9.92807693,0,0,1
17 03 2021,30.22745124,19.2740224,0,16.36836265,10.11379317,61.54894589,9.926320131,0,0,1
17 03 2021,30.18689037,19.19020384,0,16.46911147,10.10110253,61.45631816,10.05373961,0,0,1
17 03 2021,30.06983117,19.12741103,0,16.4741639,10.22916407,61.64293768,10.11417384,0,0,1
17 03 2021,29.76870192,19.17569167,0,16.62554173,10.14262997,62.38970518,9.995966531,0,0,1
17 03 2021,30.07918386,19.17626033,0,16.45636526,10.05081016,61.55748793,10.0711701,0,0,1
17 03 2021,30.12025101,19.17447712,0,16.50840014,10.12561186,61.63638575,10.0509398,0,0,1
17 03 2021,30.16995436,19.08919682,0,16.45036239,10.07458977,61.18112694,10.22239015,0,0,1
17 03 2021,30.11745924,19.15127795,0,16.47314251,10.02025531,61.4294114,10.11988001,0,0,1
17 03 2021,29.73611859,19.14876623,0,16.52069527,10.20287932,62.88627525,9.937215684,0,0,1
17 03 2021,29.9934337,19.09385452,0,16.50661346,10.0369541,61.55690152,10.16663097,0,0,1
17 03 2021,29.61590959,19.21458798,0,16.52736769,10.23722401,63.40145331,9.815992291,0,0,1
17 03 2021,29.92125779,19.04747212,0,16.58631409,10.04913976,61.82137059,10.17214768,0,0,1
17 03 2021,29.87341394,19.1864645,0,16.54536988,10.17538002,62.6011634,9.948080466,0,0,1
17 03 2021,30.16354828,19.13566178,0,16.42795275,10.04650504,61.1834569,10.16322014,0,0,1
17 03 2021,29.82099297,19.3264591,0,16.50105708,10.36317867,63.70764299,9.716573553,0,0,1
17 03 2021,30.02400607,19.18566809,0,16.46934112,10.0966815,61.77354179,10.06529898,0,0,1
17 03 2021,29.98209404,19.10984205,0,16.56077054,10.10364651,61.7849245,10.12521978,0,0,1
17 03 2021,29.93972159,19.17473385,0,16.4655606,10.03112351,61.91210167,10.04986869,0,0,1
17 03 2021,30.12590627,19.14416678,0,16.42609222,10.07911961,61.31829027,10.12453899,0,0,1
17 03 2021,30.06882901,19.07814671,0,16.48979279,10.02631308,61.37462539,10.20166276,0,0,1
17 03 2021,29.83910686,19.09658732,0,16.45521965,10.16660026,62.98067736,9.917946962,0,0,1
17 03 2021,30.19295288,19.19716199,0,16.38738456,10.07036472,61.24120097,10.07028769,0,0,1
17 03 2021,30.10485722,19.09915821,0,16.47893969,10.0682685,61.35561891,10.1817434,0,0,1
17 03 2021,30.08117457,19.22860677,0,16.42534692,10.05859172,61.80884629,10.00772254,0,0,1
17 03 2021,29.8029792,19.19757096,0,16.50019981,10.08761912,62.43243645,9.967244217,0,0,1
17 03 2021,30.04878935,19.25736586,0,16.44201901,10.05941038,61.9487912,9.968078385,0,0,1
17 03 2021,30.10280144,19.07970338,0,16.46557145,10.08462521,61.41387386,10.17851786,0,0,1
17 03 2021,29.95524662,19.17686736,0,16.43056988,10.15170558,61.82938478,10.02172196,0,0,1
17 03 2021,29.89253225,19.19737034,0,16.54150457,10.08511597,62.33061153,9.989188504,0,0,1
17 03 2021,30,19,0,16.5,9.9,61.3,10.3,0,0,0
18 03 2021,31.77220714,20.03828808,0,16.30923302,10.99572598,76.83699053,10.12557852,7.2,0,1
18 03 2021,31.58430544,20.13550688,0,16.45297397,11.06825317,77.10535752,9.930795263,7.2,0,1
18 03 2021,31.88512846,19.99281774,0,16.28551474,11.02437959,77.27994448,10.12486349,7.2,0,1
18 03 2021,32.04751144,20.08379187,0,16.12080432,11.02546951,75.7968898,10.09698282,7.2,0,1
18 03 2021,31.94595886,20.05586109,0,16.19450955,11.01708807,76.85380408,10.15978285,7.2,0,1
18 03 2021,32.13823421,20.10439643,0,16.12802502,11.02114051,75.81742042,10.10274619,7.2,0,1
18 03 2021,31.90367138,20.06532404,0,16.16041237,11.01984708,76.43689125,10.11991863,7.2,0,1
18 03 2021,31.92316381,20.10747545,0,16.18744208,11.04485046,76.93212472,10.02766434,7.2,0,1
18 03 2021,31.78726376,20.01339921,0,16.24905532,11.04728364,77.82012205,9.981826275,7.2,0,1
18 03 2021,31.82270127,20.03484273,0,16.28696009,11.04758638,76.94665002,10.10104181,7.2,0,1
18 03 2021,31.7090987,20.15705648,0,16.23593952,10.98486971,77.21711589,9.973567957,7.2,0,1
18 03 2021,31.34350231,20.13915917,0,16.33390338,11.15288374,77.90641362,9.802297413,7.2,0,1
18 03 2021,32.18218418,20.13792925,0,16.08125811,11.01329441,75.47198476,10.04541009,7.2,0,1
18 03 2021,31.88175432,20.20155582,0,16.24753236,11.04462113,77.14735457,9.940817252,7.2,0,1
18 03 2021,31.95580753,20.0682139,0,16.19832222,10.96912062,76.89598549,10.12271101,7.2,0,1
18 03 2021,31.80251909,20.08709763,0,16.26856777,10.99338191,77.04706714,10.08665465,7.2,0,1
18 03 2021,31.92846864,20.04192343,0,16.26218729,10.9952265,76.72232896,10.13750197,7.2,0,1
18 03 2021,31.83294595,20.12486879,0,16.225067,11.00638275,77.74987758,9.990283945,7.2,0,1
18 03 2021,31.67586008,20.14174205,0,16.35789732,11.18090627,77.97341651,9.817049219,7.2,0,1
18 03 2021,31.99424191,20.08148308,0,16.20351783,10.99963361,76.10181153,10.09215423,7.2,0,1
18 03 2021,31.88598058,20.04244441,0,16.25314725,11.06256076,76.5985533,10.09823213,7.2,0,1
18 03 2021,32.0818434,20.05754419,0,16.12953474,10.99803856,76.1575365,10.19043257,7.2,0,1
18 03 2021,31.78738979,20.02565268,0,16.29508963,11.21030738,78.01313787,9.816094178,7.2,0,1
18 03 2021,32.08312607,20.1733487,0,16.11067788,11.06132567,75.94694731,9.963277063,7.2,0,1
18 03 2021,32.04384449,20.07173716,0,16.20751497,10.97771418,76.53657534,10.10600114,7.2,0,1
18 03 2021,32.03527569,20.08396393,0,16.17079182,10.99090575,76.65654093,10.14075998,7.2,0,1
18 03 2021,31.94829517,20.21914294,0,16.13128306,11.00128433,76.56288341,9.908405529,7.2,0,1
18 03 2021,31.97450377,20.09860593,0,16.18134134,11.0263053,75.9264578,10.03878502,7.2,0,1
18 03 2021,32.13046877,20.1339579,0,16.10983684,11.00379538,76.42205619,10.04231323,7.2,0,1
18 03 2021,31.83364017,20.04608812,0,16.2380161,10.97920924,77.05019944,10.13890385,7.2,0,1
18 03 2021,32,20,0,16.2,10.9,77.4,10.3,7.2,0,0
19 03 2021,31.91144168,20.07219967,0,15.97502673,8.548537725,73.13154466,4.877313048,0,0,1
19 03 2021,31.47553689,20.0644026,0,16.23625562,8.778835013,74.32658341,4.824812062,0,0,1
19 03 2021,31.10812518,20.19583344,0,16.10258543,8.746036681,74.95451297,4.652899534,0,0,1
19 03 2021,32.18021036,20.08986097,0,15.89757996,8.593948262,72.43230993,4.962679222,0,0,1
19 03 2021,31.50157005,20.18527564,0,16.19235639,8.748809294,74.44431799,4.734601187,0,0,1
19 03 2021,31.90885747,20.11005961,0,16.08217066,8.67914002,72.89347872,4.98248851,0,0,1
19 03 2021,31.76186281,20.07689106,0,16.08869287,8.628592945,73.91210122,4.791610989,0,0,1
19 03 2021,32.01143819,20.06151877,0,16.01517563,8.678254991,72.62178868,5.005932686,0,0,1
19 03 2021,31.86631343,20.08545307,0,16.06366558,8.65087953,72.9965985,4.962927173,0,0,1
19 03 2021,32.12178934,20.15068778,0,15.9974568,8.648459105,72.65143466,4.910857591,0,0,1
19 03 2021,31.51868198,20.04041608,0,16.18894932,8.866744849,74.44372841,4.781374568,0,0,1
19 03 2021,31.43510849,20.08482293,0,15.98140081,8.818513955,74.95999341,4.663678061,0,0,1
19 03 2021,31.98246341,20.11626943,0,16.0232872,8.532923377,73.3538651,4.78483989,0,0,1
19 03 2021,32.06491039,20.02850638,0,16.02236204,8.612807426,72.79014071,4.968395613,0,0,1
19 03 2021,31.85647144,20.09168039,0,16.1780807,8.674271496,73.65753496,4.832676728,0,0,1
19 03 2021,31.33171247,20.15648708,0,16.0832941,8.644722331,74.62647247,4.683024532,0,0,1
19 03 2021,31.57796357,20.13053249,0,16.03971079,8.745076409,74.30104175,4.75399123,0,0,1
19 03 2021,31.81643774,19.96766881,0,16.049253,8.688965815,73.4315307,4.935047828,0,0,1
19 03 2021,31.86223035,20.07997853,0,16.0395741,8.558315777,73.49741809,4.826134131,0,0,1
19 03 2021,31.9650923,20.05513536,0,16.01163797,8.651685295,72.72115282,5.022013836,0,0,1
19 03 2021,32.09746634,20.08758577,0,15.92001971,8.601273543,72.4323303,5.000910336,0,0,1
19 03 2021,31.96280392,20.01618031,0,16.04598548,8.587166494,73.13809678,4.938035676,0,0,1
19 03 2021,32.05623064,20.09569151,0,15.93581845,8.628212517,72.63770123,4.956306383,0,0,1
19 03 2021,31.7904888,20.04479337,0,16.13156998,8.707328155,73.5510817,4.869869018,0,0,1
19 03 2021,31.96394239,20.12331462,0,16.04825838,8.678265999,72.83289823,4.962526486,0,0,1
19 03 2021,31.80213599,20.01333522,0,16.07033197,8.577989286,73.31594584,4.931728659,0,0,1
19 03 2021,31.97614957,20.13990514,0,15.91513053,8.625479246,72.95944451,4.836333147,0,0,1
19 03 2021,31.90718925,20.17010414,0,16.0870006,8.723469601,73.69163878,4.794511013,0,0,1
19 03 2021,31.6411305,19.94840826,0,15.97282529,8.651220816,74.49626283,4.7095955,0,0,1
19 03 2021,32.01599717,20.1022561,0,16.05898134,8.703016807,72.77649933,4.972981337,0,0,1
19 03 2021,32,20,0,16,8.3,73.7,4.7,0,0,0
20 03 2021,31.83958465,20.03786017,0,19.9766399,12.62528398,85.32638395,9.204818392,0.6,0,1
20 03 2021,32.02300151,20.04830899,0,20.01907372,12.58181095,85.34485077,9.244012014,0.6,0,1
20 03 2021,32.01604599,20.01899038,0,20.15144795,12.61331986,86.31198536,9.126487473,0.6,0,1
20 03 2021,32.33922649,20.19438011,0,19.70096367,12.60735979,83.86066734,9.148327478,0.6,0,1
20 03 2021,31.99226403,20.05632161,0,19.95938919,12.55510196,84.96982879,9.211888764,0.6,0,1
20 03 2021,32.0009733,20.10443635,0,19.91059635,12.52997269,84.79331753,9.161993022,0.6,0,1
20 03 2021,31.59114637,20.05928158,0,20.05542037,12.56182497,85.8566452,9.057155446,0.6,0,1
20 03 2021,31.93967729,19.98518364,0,20.04625432,12.65515038,85.87251611,9.069892872,0.6,0,1
20 03 2021,31.15021806,20.08764584,0,20.04445661,12.54151825,86.77917984,8.874488108,0.6,0,1
20 03 2021,31.89586922,20.07899728,0,20.09332528,12.56050495,85.79803443,9.184684545,0.6,0,1
20 03 2021,31.59987824,20.14095996,0,20.14954155,12.64904255,86.90803929,9.052403651,0.6,0,1
20 03 2021,31.97885399,20.06162795,0,20.03978215,12.5733581,85.42191102,9.197179763,0.6,0,1
20 03 2021,31.97688342,20.03844105,0,19.97137505,12.60360221,84.98017573,9.238329369,0.6,0,1
20 03 2021,31.53881955,20.18664204,0,20.03771517,12.58265383,85.95768919,8.987001232,0.6,0,1
20 03 2021,32.30976074,20.1953856,0,19.74915676,12.57876295,83.99727837,9.088726561,0.6,0,1
20 03 2021,32.0378668,20.00390767,0,19.98245178,12.61840212,85.236667,9.31312501,0.6,0,1
20 03 2021,31.7329478,20.12349094,0,20.06810893,12.65188367,86.14534082,9.043784085,0.6,0,1
20 03 2021,31.95700681,20.04821209,0,20.10760362,12.61228898,86.08726164,9.128184031,0.6,0,1
20 03 2021,32.01481129,20.03481517,0,20.07508566,12.60337776,85.6318173,9.239043195,0.6,0,1
20 03 2021,31.74891338,20.10612753,0,20.02549204,12.63222394,85.845805,9.069093085,0.6,0,1
20 03 2021,31.88555383,20.01786973,0,20.02188563,12.59376426,85.15486468,9.225113623,0.6,0,1
20 03 2021,31.52401385,20.09342055,0,20.13439143,12.6542138,86.94119021,9.021885976,0.6,0,1
20 03 2021,31.85626966,20.02972925,0,19.94985258,12.6243005,84.82846475,9.226529629,0.6,0,1
20 03 2021,31.52624854,20.06615973,0,19.9404261,12.66528187,87.06924628,8.841237212,0.6,0,1
20 03 2021,31.73670143,20.13764715,0,20.04228263,12.67279964,86.76531341,9.005244772,0.6,0,1
20 03 2021,31.93155155,20.06675548,0,19.85886739,12.54654664,84.505747,9.207998769,0.6,0,1
20 03 2021,32.09364399,20.07744979,0,20.02133698,12.59784844,85.50237856,9.204746847,0.6,0,1
20 03 2021,31.86094415,19.9713506,0,20.07092855,12.62569431,85.44404313,9.310177506,0.6,0,1
20 03 2021,31.67915853,20.04994864,0,20.04674722,12.6701863,86.72946303,8.970412185,0.6,0,1
20 03 2021,32.00216733,20.06324461,0,19.96533512,12.59319042,84.97138588,9.175585543,0.6,0,1
20 03 2021,32,20,0,20.3,12.6,87,9.3,0.6,0,0
21 03 2021,31.97006529,20.06569979,0,17.35742311,11.10042662,85.21064897,12.58989088,2.4,0,1
21 03 2021,31.67596685,20.218995,0,17.38924907,11.23285056,85.84642996,12.23519738,2.4,0,1
21 03 2021,32.17244527,20.09172068,0,17.21703799,11.18968435,83.7589981,12.47244501,2.4,0,1
21 03 2021,31.76728599,20.02931348,0,17.33397542,11.11510224,84.62439533,12.45300086,2.4,0,1
21 03 2021,31.97834529,20.02555874,0,17.33779628,11.0817765,84.65460205,12.61619759,2.4,0,1
21 03 2021,32.14466071,20.01590206,0,17.20279783,11.10019041,83.82680237,12.60512093,2.4,0,1
21 03 2021,32.11483459,20.07280686,0,17.20548253,11.14506336,83.78449618,12.51416379,2.4,0,1
21 03 2021,31.75137838,20.05307673,0,17.35782869,11.16419883,85.33419292,12.42738809,2.4,0,1
21 03 2021,31.50249152,20.16470305,0,17.27476234,11.08781147,85.86326664,12.30043241,2.4,0,1
21 03 2021,32.17495864,20.12740296,0,17.20514433,11.12185211,83.8219521,12.47202789,2.4,0,1
21 03 2021,32.04209338,20.00811202,0,17.22117085,11.17783703,83.74009587,12.58538232,2.4,0,1
21 03 2021,31.95294875,20.00902302,0,17.31732102,11.07684807,84.54886567,12.66509059,2.4,0,1
21 03 2021,31.94960981,20.08634704,0,17.33252486,11.05171557,84.9617906,12.58859777,2.4,0,1
21 03 2021,31.95351125,20.07768993,0,17.30415949,11.13421895,84.43617906,12.52354925,2.4,0,1
21 03 2021,31.74181639,20.16171195,0,17.29398237,11.10610636,84.44821198,12.29286182,2.4,0,1
21 03 2021,32.05862329,20.07770403,0,17.31421061,11.09849665,84.7953159,12.5974966,2.4,0,1
21 03 2021,31.87386032,20.01062608,0,17.39676515,11.0823918,85.1921325,12.62364629,2.4,0,1
21 03 2021,32.0590429,20.10652158,0,17.26214676,11.08582415,84.34079495,12.48354616,2.4,0,1
21 03 2021,31.72574138,20.10833949,0,17.33081577,11.26411656,85.97627022,12.17295741,2.4,0,1
21 03 2021,31.91763935,20.02795116,0,17.35574883,11.11079434,84.86213,12.59333141,2.4,0,1
21 03 2021,31.76185933,20.08935257,0,17.34623398,11.12444566,84.6228272,12.40625346,2.4,0,1
21 03 2021,32.07289517,20.02656,0,17.28997502,11.08909432,84.59679322,12.68299135,2.4,0,1
21 03 2021,32.05170013,20.06099814,0,17.24888622,11.09091242,84.30584658,12.59512635,2.4,0,1
21 03 2021,32.03262108,20.09145017,0,17.25897492,11.11922231,84.0236638,12.48490664,2.4,0,1
21 03 2021,31.80547061,20.05233136,0,17.4292433,11.09767651,85.42798154,12.55783775,2.4,0,1
21 03 2021,31.96710567,20.07681299,0,17.33597048,11.07972795,84.85554927,12.58483259,2.4,0,1
21 03 2021,32.16217912,20.11433809,0,17.25815694,11.12802642,83.72800392,12.38718867,2.4,0,1
21 03 2021,32.05615003,20.08762035,0,17.29405765,11.0891551,84.29957728,12.54690529,2.4,0,1
21 03 2021,32.14017509,20.15749413,0,17.15744155,11.24350415,83.5483878,12.33391479,2.4,0,1
21 03 2021,31.90415179,20.05924918,0,17.38430774,11.12348855,84.80050489,12.53622916,2.4,0,1
21 03 2021,32,20,0,17.4,11,86.1,12.9,2.4,0,0
22 03 2021,37.66575384,20.99451776,4.470059872,15.13254296,9.094227298,64.98524639,14.20307133,0.2,1,1
22 03 2021,37.45219002,21.03542554,4.197031423,15.17927012,9.156923882,65.31379749,14.03802452,0.2,1,1
22 03 2021,37.34145245,21.00344277,4.178803513,15.27121722,9.255754272,65.39186934,13.95166802,0.2,1,1
22 03 2021,37.71594416,20.9834895,4.417011834,15.07381813,9.168256768,64.77047832,14.2028119,0.2,1,1
22 03 2021,37.5008475,21.00360381,4.61388891,15.24962946,9.169761644,65.61791877,14.1395007,0.2,1,1
22 03 2021,37.53165113,20.96660022,4.363962081,15.21631119,9.126441336,65.36067993,14.19950427,0.2,1,1
22 03 2021,37.25576842,21.02576231,4.314549926,15.32691069,9.24362516,65.83180107,13.8880611,0.2,1,1
22 03 2021,37.75722233,21.02733038,4.102886014,15.10013185,9.077795029,64.90433322,14.18297289,0.2,1,1
22 03 2021,37.61845271,21.01907652,4.638674062,15.14806219,9.13686745,65.18955333,14.11726697,0.2,1,1
22 03 2021,37.72633567,21.02590613,4.075960447,15.0510614,9.158415693,64.64386496,14.13118734,0.2,1,1
22 03 2021,37.62342347,20.9821309,4.716253415,15.19964406,9.09324979,65.3432803,14.25191809,0.2,1,1
22 03 2021,37.64775038,20.98166043,4.684088629,15.16250414,9.086483476,65.2647115,14.27413845,0.2,1,1
22 03 2021,37.53250604,20.95801747,4.727601797,15.17207191,9.137344968,65.07992194,14.19178075,0.2,1,1
22 03 2021,37.4606673,20.95520439,4.129103051,15.18309928,9.21470543,64.98945037,14.05903408,0.2,1,1
22 03 2021,37.50374128,20.94737454,4.185481963,15.17524975,9.141730048,65.0353272,14.1830827,0.2,1,1
22 03 2021,37.44321926,20.92773801,4.523690729,15.19106807,9.204162478,65.07292262,14.13275372,0.2,1,1
22 03 2021,37.57762914,20.99415886,3.893743845,15.10512528,9.22922438,64.76139826,14.04514962,0.2,1,1
22 03 2021,37.54563803,20.97722177,4.318485234,15.12860256,9.193765414,64.79901533,14.09669182,0.2,1,1
22 03 2021,37.53592368,21.05781233,4.276737119,15.14731912,9.230212585,65.07255796,13.95368967,0.2,1,1
22 03 2021,37.5536715,20.94019174,4.806391477,15.20053814,9.128568462,65.06428235,14.21502452,0.2,1,1
22 03 2021,37.53392763,20.99804105,4.42408807,15.13586722,9.198309843,64.92124134,14.06252051,0.2,1,1
22 03 2021,37.61038146,21.06098109,4.802641115,15.17809198,9.135526337,65.41240955,14.08408138,0.2,1,1
22 03 2021,37.67036539,21.03146659,3.82334752,15.11145033,9.093067776,65.16460929,14.1692411,0.2,1,1
22 03 2021,37.3723581,21.11403402,4.172926935,15.20614233,9.173283438,66.24255408,13.97648787,0.2,1,1
22 03 2021,37.60262038,21.00527891,4.655310544,15.17218352,9.104561166,65.35764844,14.18334884,0.2,1,1
22 03 2021,37.59876379,20.94892137,4.665166248,15.19511311,9.160754049,65.08592397,14.1968282,0.2,1,1
22 03 2021,37.72297785,21.05326032,4.701762835,15.0873415,9.094353693,65.02923878,14.14183232,0.2,1,1
22 03 2021,37.03010118,20.9858189,4.022702529,15.36770347,9.278350023,66.47503235,13.8335789,0.2,1,1
22 03 2021,37.59545345,21.02579558,4.472304551,15.21092778,9.074260957,65.53037035,14.23017839,0.2,1,1
22 03 2021,37.51933042,20.98932336,4.456554657,15.26217351,9.312168637,66.05500138,13.76455541,0.2,1,1
22 03 2021,38,21,4.730235988,15.1,8.9,65.4,14.6,0.2,1,0
23 03 2021,13.34198235,15.56460651,0,13.73251196,7.970322188,65.86798993,14.0376494,3.5,0,1
23 03 2021,12.87580069,15.39571358,0,13.73310439,7.899946355,66.18122669,14.18394358,3.5,0,1
23 03 2021,13.63096714,15.48364876,0,13.90212983,8.148527267,65.99865564,14.01112177,3.5,0,1
23 03 2021,13.35733413,15.42524692,0,13.71183855,7.999091244,65.45074402,14.18500548,3.5,0,1
23 03 2021,13.1252129,15.45780209,0,13.78047096,7.990916446,66.41702489,14.06902979,3.5,0,1
23 03 2021,13.32190163,15.4552818,0,13.71557455,7.976283163,65.67568388,14.12468809,3.5,0,1
23 03 2021,14.06528935,15.53041667,0,13.68034498,8.082904833,64.71674544,14.14398887,3.5,0,1
23 03 2021,12.93351384,15.33402279,0,13.7023658,7.887393061,65.96230929,14.23489433,3.5,0,1
23 03 2021,13.02468684,15.29618015,0,13.65018484,7.856253192,65.26862973,14.36949852,3.5,0,1
23 03 2021,14.01093049,15.65501547,0,13.6748179,7.970744832,64.92944217,13.97430927,3.5,0,1
23 03 2021,13.56587949,15.430655,0,13.89587043,8.12721958,66.22070151,14.040917,3.5,0,1
23 03 2021,12.83703027,15.37746272,0,13.62379839,7.853224299,65.94396499,14.22001809,3.5,0,1
23 03 2021,13.06687635,15.36023667,0,13.66423023,7.884697784,65.62202725,14.24933576,3.5,0,1
23 03 2021,13.76983595,15.73762202,0,13.656562,7.984522619,65.71297976,13.84407613,3.5,0,1
23 03 2021,13.7682609,15.4965915,0,13.61958649,8.059792551,64.85733504,14.16166397,3.5,0,1
23 03 2021,13.48414389,15.74153627,0,13.84701304,8.232631484,67.51130291,13.67016985,3.5,0,1
23 03 2021,13.01992261,15.36763199,0,13.6397705,7.882427811,65.75750879,14.21986822,3.5,0,1
23 03 2021,13.77448206,15.49043149,0,13.73191305,8.17781476,65.15154491,14.15249062,3.5,0,1
23 03 2021,13.52990956,15.40969962,0,13.81274197,8.006470705,65.37413066,14.20086666,3.5,0,1
23 03 2021,13.68700229,15.52105727,0,13.78469694,8.061166523,65.45531872,14.06455707,3.5,0,1
23 03 2021,13.19214266,15.35494138,0,13.68417164,7.910807256,65.29818871,14.27446463,3.5,0,1
23 03 2021,14.00801407,15.57574026,0,13.80643038,8.130647276,65.21703434,14.0643601,3.5,0,1
23 03 2021,13.10097124,15.30704587,0,13.6661648,7.846905398,65.20457712,14.35392752,3.5,0,1
23 03 2021,14.00254038,15.53945946,0,13.64062356,8.05895231,64.66984416,14.13784369,3.5,0,1
23 03 2021,13.31875083,15.44345036,0,13.91139757,8.09394015,66.65292435,13.94419773,3.5,0,1
23 03 2021,13.05664628,15.35760965,0,13.63744923,7.819883419,65.37178643,14.26731802,3.5,0,1
23 03 2021,13.57092132,15.51460508,0,13.76082458,8.051820254,65.69020077,14.02872765,3.5,0,1
23 03 2021,13.29202066,15.35184644,0,13.66663111,7.927165007,65.16011606,14.30262216,3.5,0,1
23 03 2021,13.3143915,15.42273427,0,13.6374705,7.93154941,65.21866796,14.2088896,3.5,0,1
23 03 2021,13.70607439,15.54602199,0,13.70458357,7.999934301,65.2315057,14.05897136,3.5,0,1
23 03 2021,12,15,0,13.5,7.6,65.4,14.7,3.5,0,0
24 03 2021,15.33307173,15.43690981,0,14.68740169,9.080580896,52.166726,10.21563407,0,0,1
24 03 2021,14.77412879,15.45819522,0,14.74871634,9.093629753,53.63766396,10.00947774,0,0,1
24 03 2021,15.30279414,15.50413653,0,14.73909167,9.099058268,52.76782603,10.12232966,0,0,1
24 03 2021,15.23003099,15.45376542,0,14.68471308,9.108047444,52.31200403,10.20093398,0,0,1
24 03 2021,15.54039276,15.45732968,0,14.81603612,9.201586688,52.63269423,10.2252748,0,0,1
24 03 2021,15.6876701,15.50006772,0,14.7393247,9.143543832,52.17830974,10.20955499,0,0,1
24 03 2021,15.68100303,15.58280695,0,14.87312907,9.231198803,53.78776739,9.949278491,0,0,1
24 03 2021,14.96754089,15.39795567,0,14.78315002,9.013492382,52.46718692,10.19151562,0,0,1
24 03 2021,15.75593428,15.55221418,0,14.64157553,9.165355332,52.12084786,10.19528025,0,0,1
24 03 2021,15.33993714,15.39135448,0,14.73619048,9.08822828,52.1750053,10.29328306,0,0,1
24 03 2021,15.56402541,15.52827982,0,14.74995249,9.160420073,52.5205194,10.16298221,0,0,1
24 03 2021,15.01887675,15.55169407,0,14.86338954,9.177700545,53.58463653,9.997425252,0,0,1
24 03 2021,15.12025985,15.53673901,0,14.75736424,9.15273572,53.74257606,9.964155369,0,0,1
24 03 2021,15.74022587,15.52466701,0,14.68250224,9.187387098,52.10087865,10.23384786,0,0,1
24 03 2021,15.4520758,15.47426031,0,14.69606643,9.097168137,52.04406207,10.20354488,0,0,1
24 03 2021,15.43044588,15.5521094,0,14.66352797,9.090285777,52.4773256,10.09511216,0,0,1
24 03 2021,15.1756784,15.36121738,0,14.70337576,9.040382919,51.9823137,10.28550689,0,0,1
24 03 2021,15.8071936,15.60297461,0,14.66116631,9.140601716,52.16814615,10.14484973,0,0,1
24 03 2021,15.44325229,15.54062871,0,14.7460067,9.101405605,52.62169804,10.12323963,0,0,1
24 03 2021,15.08126809,15.51363623,0,14.79838278,9.13412159,53.28954634,10.04096656,0,0,1
24 03 2021,15.68782805,15.42258597,0,14.8132477,9.276432862,52.43825232,10.32152539,0,0,1
24 03 2021,14.8956014,15.34806084,0,14.73864852,8.994901725,52.18221205,10.23017505,0,0,1
24 03 2021,15.01812298,15.4258346,0,14.73185857,9.032533699,52.38663105,10.16525721,0,0,1
24 03 2021,15.45707136,15.55826147,0,14.67973419,9.048028959,52.30764992,10.10957294,0,0,1
24 03 2021,15.45870104,15.42172785,0,14.84091759,9.145697773,53.18254833,10.08813126,0,0,1
24 03 2021,15.44204785,15.47171255,0,14.69052406,9.065640425,52.06535612,10.20114879,0,0,1
24 03 2021,15.54326703,15.57634238,0,14.75858463,9.145888258,52.8989869,10.07540475,0,0,1
24 03 2021,14.97458473,15.32494641,0,14.70232656,9.04376483,52.20621763,10.19960251,0,0,1
24 03 2021,15.57243081,15.56921116,0,14.60287853,9.075678761,51.90484251,10.12059875,0,0,1
24 03 2021,15.01297512,15.35854691,0,14.62016036,9.023517094,51.78085832,10.24128226,0,0,1
24 03 2021,14,15,0,14.6,8.8,51.3,10.4,0,0,0
25 03 2021,16.85233931,16.26336922,0,16.26186654,9.075873346,64.51147615,8.087229251,0,0,1
25 03 2021,16.68700964,16.31726821,0,16.31355813,9.257628014,66.10534114,7.861343747,0,0,1
25 03 2021,16.71543366,16.32668379,0,16.3308475,9.107658586,65.09825555,8.010748697,0,0,1
25 03 2021,16.91860116,16.36808142,0,16.33585404,9.156830177,65.13133509,8.001768702,0,0,1
25 03 2021,16.8866897,16.30334534,0,16.33793113,9.112943233,64.88470366,8.099789636,0,0,1
25 03 2021,17.24673646,16.54202574,0,16.28836142,9.298131861,65.37097285,7.911196307,0,0,1
25 03 2021,16.93238909,16.33357469,0,16.27754858,9.091764313,64.73587799,8.035441648,0,0,1
25 03 2021,16.88879858,16.28513874,0,16.24686263,9.134803696,64.54248528,8.095483704,0,0,1
25 03 2021,16.82883968,16.32055841,0,16.35899537,9.136246413,65.0715119,8.017604737,0,0,1
25 03 2021,16.98578883,16.27628169,0,16.26602773,9.111606144,64.4449988,8.147815597,0,0,1
25 03 2021,17.03691978,16.27859247,0,16.24471121,9.152440325,64.33930252,8.144725644,0,0,1
25 03 2021,16.79293552,16.25912673,0,16.31808697,9.097271788,64.91973264,8.030972914,0,0,1
25 03 2021,17.14622179,16.41312607,0,16.53376477,9.295583292,66.10582459,7.903095978,0,0,1
25 03 2021,17.49927603,16.58481229,0,16.22024209,9.181646976,64.72228001,7.948994223,0,0,1
25 03 2021,16.83795964,16.32573718,0,16.26531287,9.112204189,65.16453898,7.971944024,0,0,1
25 03 2021,16.80756532,16.42776603,0,16.35066163,9.24017557,65.95707099,7.87812174,0,0,1
25 03 2021,17.49666994,16.45480655,0,16.23885097,9.171472847,64.25925578,8.047708914,0,0,1
25 03 2021,16.98663136,16.31959895,0,16.37236952,9.221085763,65.44680263,7.999053252,0,0,1
25 03 2021,16.83272881,16.57697221,0,16.26924727,9.170025451,66.06708782,7.830644951,0,0,1
25 03 2021,17.20532907,16.42088552,0,16.30755603,9.188062158,64.96520918,8.013509882,0,0,1
25 03 2021,17.16021912,16.39655035,0,16.48043262,9.391343478,66.25889411,7.870689384,0,0,1
25 03 2021,17.36968978,16.44945408,0,16.30095308,9.200228969,64.84965153,8.003151742,0,0,1
25 03 2021,17.35305578,16.40276294,0,16.21125626,9.195428316,64.2726643,8.129406654,0,0,1
25 03 2021,17.61070202,16.41873981,0,16.16893864,9.221519779,63.98908963,8.202788844,0,0,1
25 03 2021,16.93644857,16.32238741,0,16.27008175,9.129051911,64.76231073,8.055904674,0,0,1
25 03 2021,17.53860218,16.52796216,0,16.29733417,9.187846782,64.6022483,8.010104558,0,0,1
25 03 2021,16.42941125,16.27323108,0,16.32729522,9.124854622,65.79573517,7.922485911,0,0,1
25 03 2021,16.6306233,16.38291041,0,16.3808636,9.133628427,65.59262226,7.924910683,0,0,1
25 03 2021,16.90394426,16.41106016,0,16.41605689,9.182534617,65.48174245,7.982432818,0,0,1
25 03 2021,16.46605061,16.28865678,0,16.37914265,9.079607938,65.76104346,7.936695131,0,0,1
25 03 2021,16,16,0,16.3,8.9,64.7,8.1,0,0,0
26 03 2021,20.61465414,18.06177521,0,18.51911506,9.317248826,72.11564856,3.96876079,0,0,1
26 03 2021,20.57016383,18.23080415,0,18.44508414,9.210227983,71.30216853,4.051836336,0,0,1
26 03 2021,21.41679573,18.32560516,0,18.24795739,9.346175294,70.00472644,4.263308907,0,0,1
26 03 2021,20.70734102,18.27558523,0,18.42166641,9.265865112,71.7375498,4.003712529,0,0,1
26 03 2021,20.70244139,18.23554028,0,18.35460838,9.328225183,71.35304093,4.157964492,0,0,1
26 03 2021,20.65621205,18.18931142,0,18.48526091,9.216161665,71.12742236,4.076596388,0,0,1
26 03 2021,20.82197615,18.17066033,0,18.42420258,9.297651849,70.71966425,4.282371783,0,0,1
26 03 2021,20.60021799,18.14213442,0,18.45733987,9.253815624,70.99894582,4.128484437,0,0,1
26 03 2021,20.70459023,18.13883365,0,18.41644873,9.19691704,70.61573521,4.183346713,0,0,1
26 03 2021,20.87354782,18.25975847,0,18.40229077,9.279943482,70.9290071,4.220156157,0,0,1
26 03 2021,20.95338848,18.2236669,0,18.39982697,9.253570813,70.5545823,4.231225842,0,0,1
26 03 2021,20.68174961,18.24237689,0,18.61905907,9.282579735,71.50478329,4.160513127,0,0,1
26 03 2021,20.60348472,18.13567565,0,18.51371357,9.199638965,71.0257356,4.128278473,0,0,1
26 03 2021,20.69689224,18.15926234,0,18.45181866,9.242839604,70.86434544,4.224730575,0,0,1
26 03 2021,20.92031179,18.39521267,0,18.38636817,9.345423639,71.83237688,3.999560566,0,0,1
26 03 2021,20.54302565,18.14701572,0,18.55770304,9.197283894,71.1195154,4.109473163,0,0,1
26 03 2021,20.7377857,18.21949058,0,18.41670594,9.217140498,70.8710551,4.093048015,0,0,1
26 03 2021,21.18163422,18.31856788,0,18.37888747,9.439531677,70.73800947,4.255013132,0,0,1
26 03 2021,21.01339361,18.25751043,0,18.48446244,9.325366679,70.94304194,4.170982623,0,0,1
26 03 2021,20.7507593,18.40070165,0,18.35975115,9.240479258,71.43078532,3.993693361,0,0,1
26 03 2021,20.35901371,18.24350304,0,18.42962254,9.277282498,72.30123816,3.937188005,0,0,1
26 03 2021,20.82106871,18.23947442,0,18.45810711,9.496020732,72.17440683,4.083431566,0,0,1
26 03 2021,20.75412717,18.23071041,0,18.48874212,9.324356613,71.37458381,4.170670086,0,0,1
26 03 2021,20.61976092,18.25707321,0,18.48167364,9.247964376,71.34718667,4.088612938,0,0,1
26 03 2021,20.91682102,18.38275847,0,18.33735173,9.282510593,71.07361608,4.073760518,0,0,1
26 03 2021,20.90494098,18.35739193,0,18.35776413,9.353361325,71.46971559,4.092231193,0,0,1
26 03 2021,21.02817857,18.28663127,0,18.37706762,9.251202168,70.60229463,4.21428203,0,0,1
26 03 2021,20.53886021,18.19411244,0,18.49330055,9.149902879,71.05834852,4.052171001,0,0,1
26 03 2021,20.46209644,18.15796281,0,18.55152829,9.245599074,71.71611284,3.990377852,0,0,1
26 03 2021,20.96799598,18.31013302,0,18.49331515,9.314844556,71.21168525,4.053627276,0,0,1
26 03 2021,20,18,0,18.6,9,71.3,3.9,0,0,0
27 03 2021,24.51866261,18.19549457,0,17.66707802,9.138316058,76.40274071,7.551036628,0,0,1
27 03 2021,24.43653817,18.20136856,0,17.61314073,9.021113625,76.5737229,7.486448275,0,0,1
27 03 2021,24.43156024,18.24348307,0,17.61811917,9.162024527,76.79168668,7.452669082,0,0,1
27 03 2021,24.93748368,18.23562282,0,17.38401078,9.226839906,75.25327681,7.668970163,0,0,1
27 03 2021,24.50764789,18.32768688,0,17.69539294,9.187153097,76.95137971,7.378027052,0,0,1
27 03 2021,24.53369373,18.14483265,0,17.66855673,9.109778963,76.41830441,7.569025372,0,0,1
27 03 2021,23.92747957,18.3105755,0,17.57480288,9.089408255,78.02435302,7.264103273,0,0,1
27 03 2021,24.5512015,18.24964596,0,17.69948048,9.158946654,76.81954696,7.445352245,0,0,1
27 03 2021,24.55694826,18.25462364,0,17.61968023,9.1358758,76.74509577,7.437783918,0,0,1
27 03 2021,24.43627719,18.25433611,0,17.6208951,9.077846908,76.64703763,7.455286688,0,0,1
27 03 2021,24.51405756,18.19300955,0,17.54635828,9.111905378,76.21970703,7.546774352,0,0,1
27 03 2021,23.88108815,18.35493977,0,17.62509079,9.120790231,77.96321458,7.278109436,0,0,1
27 03 2021,24.39385308,18.25552386,0,17.56876641,8.986219344,76.63941054,7.417768487,0,0,1
27 03 2021,24.46734701,18.28900785,0,17.59419528,9.192114854,77.43784032,7.295211418,0,0,1
27 03 2021,24.18078414,18.0813229,0,17.60887842,9.060712411,77.70715277,7.357717314,0,0,1
27 03 2021,24.38115791,18.13157951,0,17.74153133,9.103571369,76.85147232,7.511567504,0,0,1
27 03 2021,24.50126133,18.21103109,0,17.72074551,9.160998408,76.66086895,7.485784972,0,0,1
27 03 2021,24.64769407,18.22389828,0,17.50608236,9.111536646,75.96494606,7.598005483,0,0,1
27 03 2021,24.6123943,18.25963171,0,17.52495351,9.08946304,76.0980644,7.516937029,0,0,1
27 03 2021,24.51611128,18.19224433,0,17.6039139,9.044966453,76.40236509,7.540049861,0,0,1
27 03 2021,24.69607584,18.33597954,0,17.52654439,9.111784561,76.09620064,7.45864535,0,0,1
27 03 2021,24.03939925,18.19266398,0,17.71310561,9.031967071,77.64923492,7.365332955,0,0,1
27 03 2021,25.10019055,18.41801007,0,17.42247544,9.188997681,75.4181797,7.404243619,0,0,1
27 03 2021,24.67791007,18.17439479,0,17.60223585,9.186014896,75.98608461,7.633348205,0,0,1
27 03 2021,24.11625725,18.17208034,0,17.74295579,9.006017034,77.386585,7.424536391,0,0,1
27 03 2021,24.19039919,18.27237163,0,17.66959616,9.037892096,77.39195969,7.36897503,0,0,1
27 03 2021,24.77165904,18.23019226,0,17.5247386,9.1912898,75.8956009,7.57065535,0,0,1
27 03 2021,24.37402874,18.19803044,0,17.6745348,9.093785595,77.42614665,7.372497144,0,0,1
27 03 2021,24.65993844,18.19845551,0,17.4962326,9.127821138,75.90302463,7.581644344,0,0,1
27 03 2021,24.458693,18.26030428,0,17.60655117,9.10820652,76.46742313,7.52204369,0,0,1
27 03 2021,24,18,0,17.7,8.8,77.3,7.5,0,0,0
28 03 2021,28.27821727,19.15143121,0,18.74216987,12.66951797,84.41060447,7.034778649,0.1,0,1
28 03 2021,28.12703728,19.09894466,0,18.88989546,12.66241043,85.47996536,6.969802797,0.1,0,1
28 03 2021,28.14787519,19.15846204,0,18.91519004,12.77415008,85.48466711,6.88130851,0.1,0,1
28 03 2021,28.04597268,19.16349306,0,18.96345875,12.72324959,86.03784381,6.842572807,0.1,0,1
28 03 2021,28.03811333,19.2631798,0,18.7653244,12.62976351,85.2044914,6.861537083,0.1,0,1
28 03 2021,27.88411484,19.16285496,0,18.93484824,12.69374378,85.97671193,6.84585043,0.1,0,1
28 03 2021,28.25691182,19.13265682,0,18.78219222,12.6708381,84.61680261,6.999545633,0.1,0,1
28 03 2021,28.27346977,19.26877662,0,18.69774099,12.62049493,85.1240243,6.796405109,0.1,0,1
28 03 2021,28.18221965,19.15152096,0,18.80308848,12.66386577,85.07177101,6.930195914,0.1,0,1
28 03 2021,28.10406616,19.05308392,0,18.91536431,12.79146793,85.43329169,6.970745706,0.1,0,1
28 03 2021,27.80804731,19.17234062,0,18.90110351,12.67418665,86.1909538,6.818407915,0.1,0,1
28 03 2021,28.13575773,19.10644038,0,18.88501341,12.67225232,85.39197377,6.967827282,0.1,0,1
28 03 2021,28.56012676,19.31872096,0,18.5511785,12.63552078,83.81667504,6.886564605,0.1,0,1
28 03 2021,28.37850619,19.16768258,0,18.71861165,12.66086617,84.2993737,7.012755041,0.1,0,1
28 03 2021,27.97215344,19.13996887,0,18.8939652,12.71184615,85.93124399,6.853211972,0.1,0,1
28 03 2021,28.35268235,19.12365983,0,18.80416906,12.6860133,85.02158446,6.942453629,0.1,0,1
28 03 2021,27.75258441,19.22591032,0,18.69992717,12.70228586,86.23396981,6.729392188,0.1,0,1
28 03 2021,28.05597075,19.27789211,0,18.83740772,12.74155977,86.14888817,6.762951111,0.1,0,1
28 03 2021,28.06055627,19.1588871,0,18.91977182,12.697277,85.69339697,6.883991612,0.1,0,1
28 03 2021,28.24377673,19.15197398,0,18.86989788,12.70921893,85.31092571,6.898402155,0.1,0,1
28 03 2021,28.23522227,19.09113263,0,18.81909781,12.66205769,85.10291169,7.002808504,0.1,0,1
28 03 2021,28.16063201,19.32946625,0,18.7425407,12.65046433,85.0081012,6.827582262,0.1,0,1
28 03 2021,28.29107814,19.29367563,0,18.66388958,12.64262366,84.9831495,6.780252395,0.1,0,1
28 03 2021,28.10428365,19.2188809,0,18.80165908,12.66917676,85.91463077,6.788815577,0.1,0,1
28 03 2021,28.3701251,19.14633065,0,18.78005859,12.65153858,84.72904323,6.962676936,0.1,0,1
28 03 2021,28.27359069,19.09878703,0,18.78529049,12.69821955,85.0750523,6.994657389,0.1,0,1
28 03 2021,28.16898133,19.16579672,0,18.86632988,12.6947346,85.57083783,6.864749681,0.1,0,1
28 03 2021,28.13680029,19.0883949,0,18.85851685,12.70795228,85.299397,6.984462966,0.1,0,1
28 03 2021,28.29015981,19.15015495,0,18.76762636,12.6451644,85.03726258,6.91779552,0.1,0,1
28 03 2021,28.02706115,19.15247062,0,18.89676365,12.68000601,85.85091574,6.848650726,0.1,0,1
28 03 2021,28,19,0,19,12.7,86.6,6.9,0.1,0,0
29 03 2021,31.97962622,20.02907011,0,18.80589722,11.70416729,85.14892869,5.893762203,0.2,0,1
29 03 2021,32.09999578,20.0622764,0,18.6021631,11.73078561,83.70894452,6.058588273,0.2,0,1
29 03 2021,31.30668452,20.20533763,0,18.75639422,11.75455457,86.22817977,5.688199619,0.2,0,1
29 03 2021,31.99097701,20.06623687,0,18.68105182,11.6205024,84.20529468,5.992817782,0.2,0,1
29 03 2021,31.99461702,20.06395844,0,18.70112456,11.64731988,84.45618108,5.959227227,0.2,0,1
29 03 2021,32.08304653,20.05342243,0,18.65439206,11.69877508,83.67109089,6.040123098,0.2,0,1
29 03 2021,31.79560457,20.15043316,0,18.58493691,11.7049768,85.06743892,5.779788736,0.2,0,1
29 03 2021,31.96441472,20.03929744,0,18.60133626,11.68236561,83.63151893,6.117018578,0.2,0,1
29 03 2021,31.63255586,19.88606646,0,18.85688527,11.75189133,85.28969902,5.920175607,0.2,0,1
29 03 2021,31.91049871,20.09516279,0,18.73952926,11.60869513,84.92232714,5.887485209,0.2,0,1
29 03 2021,31.76749778,20.0818161,0,18.76220499,11.73837181,85.9322057,5.704409285,0.2,0,1
29 03 2021,31.94678173,20.09270909,0,18.64458611,11.65786766,84.38238121,5.96070019,0.2,0,1
29 03 2021,32.02543203,20.06602661,0,18.72281371,11.63788418,84.60441536,5.916166094,0.2,0,1
29 03 2021,31.8452743,20.14386055,0,18.85508774,11.75736019,85.84857769,5.738749136,0.2,0,1
29 03 2021,31.99025827,20.16573895,0,18.62532366,11.65108454,84.57502381,5.832579398,0.2,0,1
29 03 2021,31.94402284,20.03756962,0,18.82418285,11.76067613,85.51879029,5.816029403,0.2,0,1
29 03 2021,31.79193974,20.15568282,0,18.78490428,11.66934715,85.42290815,5.791190331,0.2,0,1
29 03 2021,31.85871423,20.02126341,0,18.77530729,11.63836444,84.72131948,5.989142603,0.2,0,1
29 03 2021,31.81968743,20.06738147,0,18.82567998,11.68835959,85.51782319,5.817661181,0.2,0,1
29 03 2021,31.93529361,20.12286342,0,18.69941731,11.6348845,84.72640962,5.851274415,0.2,0,1
29 03 2021,31.94516911,20.06803,0,18.68487376,11.61861406,84.42842172,5.956834426,0.2,0,1
29 03 2021,32.04523504,20.17042741,0,18.71618896,11.79694569,85.21893239,5.78552969,0.2,0,1
29 03 2021,31.8873637,20.14650866,0,18.71475809,11.76210275,86.15473914,5.701041508,0.2,0,1
29 03 2021,31.40158172,20.19571112,0,18.75581817,11.69526336,86.03643153,5.713453029,0.2,0,1
29 03 2021,32.17124361,20.04285625,0,18.56921682,11.68958897,83.83214818,6.073249867,0.2,0,1
29 03 2021,31.95961172,20.07518461,0,18.66585764,11.66021825,84.26657766,5.977130901,0.2,0,1
29 03 2021,31.84451723,20.10077239,0,18.62428474,11.67448762,84.39680073,5.923595121,0.2,0,1
29 03 2021,31.89304408,20.02982001,0,18.77901581,11.65035322,85.04781322,5.91918881,0.2,0,1
29 03 2021,31.61251605,20.10750454,0,18.77652845,11.70745278,86.09390655,5.723124466,0.2,0,1
29 03 2021,32.05303645,20.07051172,0,18.67627655,11.64078972,84.30453173,5.941587901,0.2,0,1
29 03 2021,32,20,0,18.9,11.6,86.1,5.8,0.2,0,0
30 03 2021,37.64347315,21.03329201,3.250392492,20.02432695,10.35908566,71.80649493,4.324115638,0.2,1,1
30 03 2021,37.41705666,21.10141315,3.37790668,20.19835346,10.33068866,72.88841698,4.1509434,0.2,1,1
30 03 2021,37.27849354,20.97940352,3.56856698,20.16166748,10.40147777,72.42733931,4.361766545,0.2,1,1
30 03 2021,37.70249192,20.97382245,3.524146408,20.2326838,10.31480247,72.31157104,4.26983736,0.2,1,1
30 03 2021,37.47338267,20.95727342,3.242643636,20.05520698,10.40845842,71.82745353,4.437411528,0.2,1,1
30 03 2021,37.78830599,21.02639637,3.276789307,20.20671563,10.3197238,72.3291106,4.199230419,0.2,1,1
30 03 2021,37.71208764,20.99573265,3.639370124,20.02597939,10.43155952,71.69010267,4.430239457,0.2,1,1
30 03 2021,37.65510275,21.07916393,3.465557178,19.95766042,10.38789612,71.57047114,4.351770525,0.2,1,1
30 03 2021,37.32895728,20.99412165,3.504489631,20.13181695,10.36866371,72.27911544,4.403233967,0.2,1,1
30 03 2021,37.50417653,20.97391065,3.202212056,20.12114024,10.36960031,72.12651768,4.366687472,0.2,1,1
30 03 2021,37.64261623,21.08324974,3.791121621,20.25977591,10.34084159,73.10373499,4.085299672,0.2,1,1
30 03 2021,37.64060093,21.00708177,3.407322737,20.0364197,10.36046442,71.74863212,4.400747591,0.2,1,1
30 03 2021,37.53052597,20.99406119,3.665553089,20.20277942,10.36308943,72.45236329,4.287790344,0.2,1,1
30 03 2021,37.44198449,21.09352471,3.5761474,20.21176782,10.46605772,73.31027792,4.1334605,0.2,1,1
30 03 2021,37.53814665,20.99817268,3.592075463,20.16414484,10.36643684,72.20090937,4.306880365,0.2,1,1
30 03 2021,37.55792585,20.97900169,3.392426413,20.08893316,10.42721164,71.97503526,4.36887911,0.2,1,1
30 03 2021,37.56156589,21.012193,3.623972827,20.32833756,10.34507523,73.12020586,4.138729902,0.2,1,1
30 03 2021,37.12621645,20.90768801,3.701759387,20.24448424,10.44224273,72.82983977,4.359409584,0.2,1,1
30 03 2021,37.58207008,20.97116553,3.549520137,20.15350388,10.37258855,72.06065644,4.366369469,0.2,1,1
30 03 2021,37.56101169,20.95442483,3.399502758,20.17026102,10.37502066,72.20198782,4.362397465,0.2,1,1
30 03 2021,37.54044215,21.02215969,3.476867367,20.35711861,10.38594013,73.25062598,4.106455986,0.2,1,1
30 03 2021,37.39062984,21.09059251,3.612666764,20.31092645,10.47321314,73.99178331,4.011848899,0.2,1,1
30 03 2021,37.33752822,20.98438328,3.433237692,20.20078855,10.36627485,72.49452187,4.347806044,0.2,1,1
30 03 2021,37.5201332,21.02524324,3.632827595,20.34832889,10.33197068,73.01093354,4.155133928,0.2,1,1
30 03 2021,37.4084272,20.9418042,3.616715621,20.04929279,10.41794817,71.84852755,4.504777445,0.2,1,1
30 03 2021,37.45515039,21.06790172,3.545601228,20.02498666,10.40777352,72.1839247,4.285322118,0.2,1,1
30 03 2021,37.53753007,21.00886802,3.478260325,20.0270135,10.40612379,71.79870341,4.380517248,0.2,1,1
30 03 2021,37.26972296,21.12490556,3.628021757,20.22817251,10.44143087,73.12697679,4.171447854,0.2,1,1
30 03 2021,37.35638121,21.03836072,3.494681352,20.34429895,10.38372897,73.82674084,4.02197361,0.2,1,1
30 03 2021,37.71893793,20.96288568,3.79378984,20.21238749,10.33427039,72.2714799,4.299902356,0.2,1,1
30 03 2021,38,21,3.782448378,20.5,10.2,73.1,4,0.2,1,0
31 03 2021,9.440251059,9.130085886,0,20.29234772,11.35362202,69.0555485,5.27738425,0,0,1
31 03 2021,9.246702212,8.7124459,0,20.38114183,11.24258332,67.64687123,5.390929285,0,0,1
31 03 2021,9.348519779,9.022833809,0,20.35489628,11.25994329,68.36124228,5.332983442,0,0,1
31 03 2021,9.640072445,8.927874073,0,20.27541306,11.3556975,67.86157682,5.414532844,0,0,1
31 03 2021,9.773915391,9.061707139,0,20.34832933,11.32604989,68.07298247,5.361821481,0,0,1
31 03 2021,9.058488465,8.804026723,0,20.39921531,11.33081037,68.65347686,5.258103006,0,0,1
31 03 2021,9.694510904,9.200584844,0,20.29293736,11.27937874,68.19669651,5.337286576,0,0,1
31 03 2021,10.35834996,9.304932386,0,20.10029311,11.26839094,67.08254379,5.511177518,0,0,1
31 03 2021,9.555404796,8.980367213,0,20.23104883,11.37604013,69.15180395,5.226668844,0,0,1
31 03 2021,9.31510686,8.841603577,0,20.2542479,11.28734727,67.81017585,5.374607004,0,0,1
31 03 2021,9.991726337,9.181438342,0,20.24027172,11.29843734,67.67537034,5.517252498,0,0,1
31 03 2021,9.873267633,9.521944851,0,20.20745707,11.49600684,69.58224356,5.184974607,0,0,1
31 03 2021,9.796690848,8.984097943,0,20.23764517,11.22965245,67.25432498,5.468244657,0,0,1
31 03 2021,9.802498691,8.987439603,0,20.20577672,11.34825376,67.2227696,5.46259905,0,0,1
31 03 2021,9.526863463,9.038804501,0,20.21032464,11.30941786,68.77523585,5.323032734,0,0,1
31 03 2021,10.01285024,9.251913756,0,20.37822003,11.44058255,68.58210409,5.332983193,0,0,1
31 03 2021,9.560046456,8.991803929,0,20.28807231,11.32805036,68.46003064,5.280223277,0,0,1
31 03 2021,9.204380152,8.596292876,0,20.44951612,11.33795433,68.48396928,5.310866711,0,0,1
31 03 2021,10.18640973,9.22047767,0,20.19568319,11.30161744,67.39694126,5.625040967,0,0,1
31 03 2021,9.750381662,9.162578613,0,20.25101278,11.42989977,69.07018344,5.258206136,0,0,1
31 03 2021,10.29338214,9.216887161,0,20.20170357,11.337235,67.3816834,5.592683606,0,0,1
31 03 2021,9.482901327,8.832730606,0,20.26404454,11.30482724,67.36912281,5.454386687,0,0,1
31 03 2021,9.659078834,9.207222193,0,20.34249013,11.48975454,69.35192967,5.211214583,0,0,1
31 03 2021,10.31985683,9.302168369,0,20.14462601,11.31403801,67.46020561,5.470172399,0,0,1
31 03 2021,10.22850357,9.285929978,0,20.17149008,11.27326922,67.44534841,5.545086374,0,0,1
31 03 2021,9.442184833,8.818881765,0,20.41570423,11.32324794,67.8214856,5.402876093,0,0,1
31 03 2021,9.72936424,9.096069887,0,20.30183537,11.28753588,67.91333936,5.415804554,0,0,1
31 03 2021,9.799292695,8.953238681,0,20.18611459,11.24226335,66.97978411,5.473717405,0,0,1
31 03 2021,10.10576994,9.180558801,0,20.30470044,11.33121381,67.64320803,5.579855233,0,0,1
31 03 2021,9.257924566,8.746286064,0,20.41228734,11.27693176,67.67677695,5.420229429,0,0,1
31 03 2021,8,8,0,20.6,11.2,67.7,5.3,0,0,0
01 04 2021,15.5893599,15.466656,0,19.97176645,10.72537319,72.15473216,5.831980247,0,0,1
01 04 2021,15.55410182,15.55161267,0,20.06458194,10.67738847,72.85184686,5.819957988,0,0,1
01 04 2021,14.58640782,15.29735989,0,20.22299001,10.61789935,73.84287757,5.590562872,0,0,1
01 04 2021,15.18798638,15.40275932,0,20.10016476,10.60896599,72.64288,5.707916241,0,0,1
01 04 2021,15.49568911,15.58849292,0,20.00685295,10.67682183,72.8360851,5.730856449,0,0,1
01 04 2021,15.07947144,15.59702308,0,20.00507678,10.73962949,74.28082505,5.528394944,0,0,1
01 04 2021,15.3611942,15.54385883,0,20.16080202,10.78085379,73.97979331,5.588170731,0,0,1
01 04 2021,15.31404958,15.56104294,0,20.13236143,10.69968997,73.72644429,5.59110081,0,0,1
01 04 2021,15.44961379,15.55359728,0,20.08968871,10.7605716,74.10375517,5.5336972,0,0,1
01 04 2021,15.5170565,15.58464288,0,20.03422481,10.67571807,72.93684236,5.643975601,0,0,1
01 04 2021,15.86262024,15.67454741,0,19.94149607,10.7056819,72.29636597,5.688292435,0,0,1
01 04 2021,15.34844106,15.50088953,0,20.05421573,10.61038265,72.6335187,5.710382715,0,0,1
01 04 2021,15.41928161,15.56103435,0,20.03718405,10.67061872,72.86415443,5.641496935,0,0,1
01 04 2021,14.68834267,15.54317618,0,20.18642939,10.66263335,74.14069353,5.533200576,0,0,1
01 04 2021,15.13876509,15.477289,0,20.13269559,10.61669425,73.12120589,5.645673347,0,0,1
01 04 2021,15.31766567,15.50418036,0,20.081435,10.71933993,73.14555269,5.73234436,0,0,1
01 04 2021,14.97962666,15.3109483,0,20.12991261,10.62884364,72.75932694,5.715837793,0,0,1
01 04 2021,14.67638379,15.29494853,0,20.21358318,10.65600313,73.72837529,5.60519001,0,0,1
01 04 2021,14.86022688,15.34762963,0,20.17609151,10.60655107,73.25596468,5.630211684,0,0,1
01 04 2021,15.58261531,15.49558955,0,20.05244135,10.68429722,72.4789525,5.79788349,0,0,1
01 04 2021,15.56768464,15.40145479,0,20.10334502,10.7158141,72.4947614,5.99982522,0,0,1
01 04 2021,15.05225421,15.2758566,0,20.27300581,10.70950361,73.63136884,5.673591753,0,0,1
01 04 2021,15.579643,15.49424219,0,19.97069915,10.64226577,72.15808927,5.787416404,0,0,1
01 04 2021,15.36432413,15.60766862,0,20.02467648,10.75609372,73.72175238,5.650758474,0,0,1
01 04 2021,15.22618178,15.54755326,0,20.20819166,10.71868769,73.77110179,5.640959031,0,0,1
01 04 2021,15.14673339,15.39053577,0,20.18986202,10.6835868,73.15109195,5.697892715,0,0,1
01 04 2021,15.3034868,15.50497763,0,20.03783642,10.65767378,72.907365,5.728091464,0,0,1
01 04 2021,15.67166914,15.5881435,0,19.99574022,10.65128029,72.49953466,5.799928836,0,0,1
01 04 2021,15.04255574,15.55409096,0,20.19515054,10.73735131,73.97998817,5.574801997,0,0,1
01 04 2021,15.02037111,15.51867953,0,20.12995822,10.91473507,74.73515452,5.480012893,0,0,1
01 04 2021,14,15,0,20.4,10.5,73.4,5.6,0,0,0
02 04 2021,18.70069895,18.24958369,0,19.27338488,12.08194386,84.66238666,7.290468072,0.1,0,1
02 04 2021,18.82312806,18.16364277,0,19.19917814,12.02843173,83.79114323,7.425426387,0.1,0,1
02 04 2021,19.06712683,18.26812595,0,19.30003332,12.12416696,83.97984821,7.332495806,0.1,0,1
02 04 2021,18.65032821,18.23062222,0,19.30918984,12.08805919,84.58093955,7.31064625,0.1,0,1
02 04 2021,18.71608983,18.12711162,0,19.21202317,12.03322808,83.85160736,7.462241605,0.1,0,1
02 04 2021,18.92326299,18.1664139,0,19.14136301,12.01672002,83.45247303,7.492130899,0.1,0,1
02 04 2021,18.94757084,18.21849689,0,19.1733413,11.9913102,83.5779153,7.453747376,0.1,0,1
02 04 2021,18.71340241,18.20264788,0,19.23219953,12.04504152,84.26739671,7.347936411,0.1,0,1
02 04 2021,18.72615601,18.2534372,0,19.2013641,11.98915757,84.10765768,7.353536831,0.1,0,1
02 04 2021,18.64908196,18.3066461,0,19.20932335,11.98561269,84.36736238,7.312837688,0.1,0,1
02 04 2021,18.8441394,18.16337146,0,19.19032733,11.99869903,83.63442577,7.476821399,0.1,0,1
02 04 2021,19.21296346,18.33221404,0,19.07234696,12.04943615,83.56770753,7.326663853,0.1,0,1
02 04 2021,19.27396727,18.3648884,0,18.99931998,12.00078384,83.11091795,7.299985405,0.1,0,1
02 04 2021,19.18487381,18.35669542,0,19.103929,12.02417242,83.49080168,7.352214258,0.1,0,1
02 04 2021,19.21178052,18.31780489,0,19.10386386,12.00402812,83.28422581,7.371216045,0.1,0,1
02 04 2021,19.48405355,18.26504265,0,19.04042576,12.07176849,82.63504788,7.478533403,0.1,0,1
02 04 2021,18.83268378,18.24067224,0,19.19903936,12.0149498,83.92821735,7.370810847,0.1,0,1
02 04 2021,18.85853293,18.18668977,0,19.19668958,12.04040733,83.79073742,7.404931533,0.1,0,1
02 04 2021,18.6356264,18.12935181,0,19.2553516,12.01004289,84.016654,7.435089386,0.1,0,1
02 04 2021,18.93166203,18.19127937,0,19.11449606,12.04786326,83.4218346,7.445996258,0.1,0,1
02 04 2021,18.91654729,18.24762606,0,19.16325769,12.02584564,83.94737688,7.324974612,0.1,0,1
02 04 2021,18.66565347,18.20964562,0,19.28723856,12.06592802,84.41618586,7.323733827,0.1,0,1
02 04 2021,18.63400246,18.18724176,0,19.3401362,12.04234241,84.37450946,7.367692004,0.1,0,1
02 04 2021,18.85310563,18.31245171,0,19.25230067,12.19707757,85.02348386,7.196910988,0.1,0,1
02 04 2021,19.21423054,18.22192125,0,19.09842003,12.00969004,82.9839727,7.529623308,0.1,0,1
02 04 2021,19.25408194,18.22671367,0,19.04345324,12.06193243,82.92172596,7.518088688,0.1,0,1
02 04 2021,18.79939756,18.12346483,0,19.20233845,12.03524536,83.70329251,7.503255836,0.1,0,1
02 04 2021,18.7975015,18.26171554,0,19.20912509,12.07312553,84.10517477,7.319984861,0.1,0,1
02 04 2021,19.18392411,18.24028807,0,19.13939278,12.21121462,85.07401041,7.141105237,0.1,0,1
02 04 2021,18.74968688,18.1213696,0,19.30719824,12.07686507,84.02783594,7.45626183,0.1,0,1
02 04 2021,18,18,0,19.4,12,85.1,7.4,0.1,0,0
03 04 2021,22.04229829,19.15414532,0,24.49147384,14.44352154,79.31264893,6.349218066,0,0,1
03 04 2021,22.44356371,19.22530111,0,24.51289643,14.35167174,78.30786317,6.437965123,0,0,1
03 04 2021,22.48057348,19.13570244,0,24.61524457,14.37775861,77.97731352,6.526164536,0,0,1
03 04 2021,22.75638506,19.10496148,0,24.43693768,14.35670705,77.43818115,6.661200734,0,0,1
03 04 2021,22.66995589,19.1101114,0,24.51170737,14.33943383,77.50539674,6.626286826,0,0,1
03 04 2021,22.86050697,19.16134042,0,24.32979087,14.29624381,77.18461654,6.644433242,0,0,1
03 04 2021,22.51211961,19.09202792,0,24.62176183,14.35678089,77.81377909,6.600617771,0,0,1
03 04 2021,22.96749956,19.1775498,0,24.24784251,14.33147579,76.94160501,6.667605165,0,0,1
03 04 2021,22.6052163,19.16956949,0,24.4640361,14.38514191,77.94597267,6.52670952,0,0,1
03 04 2021,22.45450665,19.04178863,0,24.74467824,14.43398306,78.34113946,6.558510301,0,0,1
03 04 2021,22.69224564,19.25071994,0,24.36226166,14.33333351,78.18611575,6.456385428,0,0,1
03 04 2021,22.47638575,19.07965119,0,24.55902981,14.37634874,77.91253278,6.606703361,0,0,1
03 04 2021,22.87724908,19.16532754,0,24.19737801,14.30695045,77.09002007,6.666518308,0,0,1
03 04 2021,22.65776943,19.13076623,0,24.48313843,14.36464958,77.69100008,6.590795993,0,0,1
03 04 2021,22.59566509,19.09738567,0,24.46729269,14.29147108,77.72721666,6.667273382,0,0,1
03 04 2021,22.53124043,18.99966838,0,24.55754093,14.38690113,78.83998321,6.45313506,0,0,1
03 04 2021,22.65453778,19.3804465,0,24.16385893,14.25120347,78.36284494,6.359835212,0,0,1
03 04 2021,22.66989032,19.18057838,0,24.39819037,14.31500705,77.97487245,6.587217793,0,0,1
03 04 2021,22.32100071,19.08206235,0,24.7639357,14.39470791,78.48272446,6.512996053,0,0,1
03 04 2021,22.89379248,19.11498374,0,24.29547781,14.33103052,77.15462556,6.73163098,0,0,1
03 04 2021,22.54071372,19.18101037,0,24.54806558,14.45229674,78.78017485,6.421473205,0,0,1
03 04 2021,22.61528086,19.12763542,0,24.57931128,14.37387764,77.69713424,6.557389562,0,0,1
03 04 2021,22.73667924,19.20683211,0,24.3732821,14.3882541,78.37843586,6.444686376,0,0,1
03 04 2021,22.64459195,19.13014824,0,24.43489609,14.41993591,77.50717838,6.623310872,0,0,1
03 04 2021,22.40717596,19.11587125,0,24.66702356,14.40545299,78.20120187,6.524535927,0,0,1
03 04 2021,22.27950307,19.10909973,0,24.73781031,14.44512926,78.94607677,6.431042654,0,0,1
03 04 2021,22.72819076,19.17875197,0,24.44708266,14.36106827,77.64142148,6.545925154,0,0,1
03 04 2021,22.49512899,19.05189514,0,24.49424281,14.36930295,77.68039765,6.697521508,0,0,1
03 04 2021,22.47163426,19.11175074,0,24.39493236,14.31037594,78.52081066,6.467928782,0,0,1
03 04 2021,22.66042394,19.19730152,0,24.40678187,14.31046471,77.82098681,6.573660279,0,0,1
03 04 2021,22,19,0,25.1,14.5,78.7,6.5,0,0,0
04 04 2021,26.95362689,19.04342561,0,17.56658705,14.43422592,88.92626907,8.395091469,0,0,1
04 04 2021,27.38318337,19.16747398,0,17.48554559,14.34357658,87.26558705,8.69368888,0,0,1
04 04 2021,27.24692363,19.14383996,0,17.50439499,14.37816392,87.92879926,8.710264232,0,0,1
04 04 2021,27.47467668,19.29840816,0,17.38490767,14.24524161,86.85922883,8.567800875,0,0,1
04 04 2021,27.04183063,19.0173659,0,17.60569047,14.38118723,87.92800562,8.81685222,0,0,1
04 04 2021,26.89291508,19.20411222,0,17.47791928,14.40975394,88.99576533,8.46028099,0,0,1
04 04 2021,27.07658848,19.13006833,0,17.55723018,14.38026645,88.38977057,8.663831288,0,0,1
04 04 2021,27.46087454,19.20658533,0,17.42531089,14.31440407,87.00786629,8.663315515,0,0,1
04 04 2021,27.6056065,19.25430326,0,17.37335248,14.2749033,86.53339796,8.649126842,0,0,1
04 04 2021,27.17651079,19.11069668,0,17.59722653,14.2997738,87.30517891,8.73811963,0,0,1
04 04 2021,27.33600347,19.21944022,0,17.45342798,14.27902369,86.96768117,8.651269757,0,0,1
04 04 2021,27.03296754,19.11793414,0,17.555358,14.40770936,88.57310229,8.635740087,0,0,1
04 04 2021,27.39571632,19.10690722,0,17.45284402,14.34140199,86.90031889,8.799755162,0,0,1
04 04 2021,27.2147209,19.17336506,0,17.5738637,14.45387401,88.77999246,8.466142366,0,0,1
04 04 2021,27.13741171,19.12220908,0,17.58006001,14.38228193,88.03830231,8.709953965,0,0,1
04 04 2021,27.19679071,19.15975522,0,17.56988428,14.35336488,87.70088387,8.66694236,0,0,1
04 04 2021,27.23217267,19.12917437,0,17.47643959,14.39151608,87.80497471,8.716284593,0,0,1
04 04 2021,27.11176992,19.1632432,0,17.53863838,14.43953585,89.02226324,8.504998635,0,0,1
04 04 2021,27.08754857,19.10645346,0,17.59731928,14.44401541,88.23787042,8.614461474,0,0,1
04 04 2021,27.58299086,19.26909556,0,17.3532019,14.2991903,86.61946446,8.580511787,0,0,1
04 04 2021,27.18382542,19.2047244,0,17.53361716,14.40375304,88.41056304,8.612859139,0,0,1
04 04 2021,27.20786252,19.03264365,0,17.505937,14.43185136,88.82454793,8.575648167,0,0,1
04 04 2021,27.41010657,19.15446304,0,17.70577131,14.4574563,87.87047784,8.570894944,0,0,1
04 04 2021,26.4891933,19.28801,0,17.45622289,14.31913053,89.11153685,8.370184529,0,0,1
04 04 2021,27.33440952,19.14911553,0,17.48742141,14.31826188,87.26290087,8.729941385,0,0,1
04 04 2021,27.46272487,19.23321731,0,17.47008489,14.32306372,87.00398554,8.598329158,0,0,1
04 04 2021,27.29967104,19.2048259,0,17.45483622,14.2894464,87.36554832,8.640186465,0,0,1
04 04 2021,27.21819744,19.19977019,0,17.55062793,14.27437447,87.30513068,8.640847495,0,0,1
04 04 2021,27.06337034,19.11016698,0,17.69290147,14.35734663,88.23009032,8.671170293,0,0,1
04 04 2021,27.68202794,19.2618529,0,17.31691183,14.28719954,86.01053074,8.680899067,0,0,1
04 04 2021,27,19,0,17.6,14.5,89.2,8.8,0,0,0
05 04 2021,27.03807528,20.22006739,0,15.19317872,11.242173,84.5839031,9.383185144,1.5,0,1
05 04 2021,27.24231722,20.03625761,0,15.20350189,11.33739804,84.26644484,9.662577181,1.5,0,1
05 04 2021,27.24733966,20.12106929,0,15.18587896,11.27566478,84.04911675,9.557009701,1.5,0,1
05 04 2021,27.13273244,20.12614178,0,15.20087069,11.26051813,84.23800213,9.572077633,1.5,0,1
05 04 2021,27.30095901,20.07225642,0,15.09837621,11.2649546,84.04897607,9.681708611,1.5,0,1
05 04 2021,27.23852926,20.0512243,0,15.16970774,11.28506638,84.65912882,9.618983583,1.5,0,1
05 04 2021,27.35915753,19.97993267,0,15.26698166,11.34652814,83.73558509,9.710610369,1.5,0,1
05 04 2021,27.20841993,20.2660748,0,15.26754365,11.34188191,84.62263455,9.364895748,1.5,0,1
05 04 2021,27.27331718,20.06901333,0,15.16870539,11.27493853,84.08345706,9.636495428,1.5,0,1
05 04 2021,27.22476478,20.06544219,0,15.15614707,11.24172677,84.21103313,9.687234803,1.5,0,1
05 04 2021,27.10581935,20.1351886,0,15.19335871,11.309831,85.09833774,9.551956741,1.5,0,1
05 04 2021,27.21370837,20.08719463,0,15.22323973,11.25501388,84.05537057,9.626571722,1.5,0,1
05 04 2021,27.2859002,20.01493436,0,15.21458322,11.28399958,83.65666665,9.730386543,1.5,0,1
05 04 2021,27.1323989,20.16455346,0,15.16992392,11.29472271,84.51619494,9.468071501,1.5,0,1
05 04 2021,27.23648139,20.04034582,0,15.19689524,11.26299596,84.37816163,9.683995204,1.5,0,1
05 04 2021,27.30155723,20.06764652,0,15.10954383,11.24902227,83.98896617,9.696873637,1.5,0,1
05 04 2021,27.52465216,20.11101918,0,15.05108774,11.276376,83.35971104,9.659722431,1.5,0,1
05 04 2021,27.44936347,20.11542536,0,15.20650245,11.30396411,83.32217834,9.597190518,1.5,0,1
05 04 2021,27.33499987,20.05035019,0,15.23442016,11.38311758,83.72614462,9.666351289,1.5,0,1
05 04 2021,27.29961329,20.01720521,0,15.40565058,11.53871871,84.88262064,9.451252049,1.5,0,1
05 04 2021,27.08657417,20.04979471,0,15.23326945,11.31288294,84.67971116,9.526196644,1.5,0,1
05 04 2021,27.14275716,20.01397319,0,15.42125943,11.41769507,84.33298033,9.560225187,1.5,0,1
05 04 2021,27.1903861,20.15470767,0,15.22662487,11.32617085,84.84798489,9.5091828,1.5,0,1
05 04 2021,27.55544719,20.04342659,0,15.17047952,11.34175926,82.93644607,9.69174789,1.5,0,1
05 04 2021,27.31346683,20.05728584,0,15.23030852,11.33118747,84.43636592,9.481722837,1.5,0,1
05 04 2021,27.28902109,20.02191072,0,15.12217239,11.26761438,84.01000795,9.765723,1.5,0,1
05 04 2021,27.39473514,20.1279433,0,15.31558818,11.36362257,83.8757359,9.465831865,1.5,0,1
05 04 2021,27.31561008,20.08377035,0,15.21201685,11.32624549,83.72320893,9.61038826,1.5,0,1
05 04 2021,27.19361318,19.97346023,0,15.17656203,11.44572186,85.55903172,9.38591312,1.5,0,1
05 04 2021,27.15916723,20.09357636,0,15.25847973,11.26531369,84.1858035,9.569733683,1.5,0,1
05 04 2021,27,20,0,15.1,11.2,85.4,9.8,1.5,0,0
06 04 2021,27.18358978,21.05551941,0,18.90526757,11.55158564,76.53559694,11.34421825,0,0,1
06 04 2021,27.55739055,20.9913425,0,18.76769119,11.57667477,75.42052273,11.50384408,0,0,1
06 04 2021,26.71990889,21.02819374,0,18.89062229,11.69534594,77.815039,11.14121495,0,0,1
06 04 2021,27.17145883,21.00342732,0,19.04319954,11.64001822,76.80608341,11.35399834,0,0,1
06 04 2021,26.69642759,21.06218497,0,18.97275153,11.58458634,77.61945614,11.21259545,0,0,1
06 04 2021,26.89904612,21.04037426,0,18.81638929,11.76283422,78.06369759,10.9630095,0,0,1
06 04 2021,27.2099604,21.02598783,0,19.00599117,11.59950823,76.57950136,11.35693927,0,0,1
06 04 2021,27.48238158,21.09707076,0,18.75278041,11.55720843,75.5921141,11.3251915,0,0,1
06 04 2021,27.57365454,21.14315199,0,18.7255172,11.55962409,75.64221086,11.17264162,0,0,1
06 04 2021,27.38161268,20.998796,0,18.86537731,11.55978923,75.89929004,11.53963381,0,0,1
06 04 2021,27.32097204,20.99703151,0,18.88374836,11.56561328,76.05913113,11.42229737,0,0,1
06 04 2021,27.36788462,20.95079851,0,18.87716041,11.57465031,75.79792219,11.41767237,0,0,1
06 04 2021,27.74752662,21.06717572,0,18.71805398,11.5997735,75.2017196,11.350295,0,0,1
06 04 2021,27.49390443,20.96341596,0,18.79649543,11.57916832,75.48209568,11.49267959,0,0,1
06 04 2021,27.22155761,21.16022436,0,18.99196804,11.87921986,77.76066625,11.00507939,0,0,1
06 04 2021,27.50370033,20.97561495,0,18.82052889,11.56378243,75.55147096,11.42096511,0,0,1
06 04 2021,27.31423942,21.03758147,0,18.88828643,11.53984277,76.43687586,11.30761956,0,0,1
06 04 2021,27.07882567,21.08245819,0,18.99353223,11.61182551,77.05783707,11.27318957,0,0,1
06 04 2021,27.36238499,21.07290317,0,18.834181,11.57642327,76.28051768,11.27584866,0,0,1
06 04 2021,27.13380795,21.00621939,0,18.99404207,11.57670562,76.7268701,11.43374063,0,0,1
06 04 2021,27.15599831,20.99594147,0,19.05833533,11.62253832,76.87371179,11.34744109,0,0,1
06 04 2021,27.52285428,20.932313,0,18.74324628,11.57976519,75.33657927,11.41060745,0,0,1
06 04 2021,27.1723448,21.0425286,0,19.00592494,11.60707179,77.06861381,11.39183517,0,0,1
06 04 2021,27.16431568,20.95531722,0,18.98910944,11.53898531,76.35625686,11.53357485,0,0,1
06 04 2021,27.11175496,21.08924575,0,18.90241554,11.5731909,76.85852007,11.26180021,0,0,1
06 04 2021,27.11104438,21.10610283,0,18.94809177,11.73716994,77.73582978,11.11626526,0,0,1
06 04 2021,27.46832617,21.00194455,0,18.76128014,11.54190457,75.44085706,11.37807591,0,0,1
06 04 2021,27.39345338,21.03961662,0,18.85527294,11.53442409,75.93045942,11.34222783,0,0,1
06 04 2021,27.5821536,21.03278291,0,18.70832518,11.55602656,75.27357311,11.37730101,0,0,1
06 04 2021,27.31278288,20.98122353,0,18.92365508,11.5368999,76.06969821,11.54199191,0,0,1
06 04 2021,27,21,0,19.1,11.5,77,11.7,0,0,0
07 04 2021,34.67331503,25.48453316,0,20.31866607,12.92071746,68.05101372,11.23940158,0,0,1
07 04 2021,34.79861206,25.57213726,0,20.25446333,12.93392013,67.89163096,11.18718414,0,0,1
07 04 2021,34.67020444,25.53162244,0,20.38991298,13.00322625,68.48991888,11.22550508,0,0,1
07 04 2021,34.75477303,25.67855386,0,20.50198198,12.98144379,68.39975537,11.3708013,0,0,1
07 04 2021,34.75830746,25.80555257,0,20.45458356,12.9468031,68.54571701,11.2387496,0,0,1
07 04 2021,34.4078649,25.71422784,0,20.5158419,12.96028132,69.38564329,11.15029145,0,0,1
07 04 2021,34.76169393,25.66910698,0,20.49690363,12.98062993,68.8307325,11.19769529,0,0,1
07 04 2021,34.36481962,25.52451489,0,20.38626412,12.98330856,68.99824163,11.00828248,0,0,1
07 04 2021,34.39051202,25.6825609,0,20.30173518,13.03129598,69.81596322,10.88457048,0,0,1
07 04 2021,34.28259115,25.67102076,0,20.37723165,12.96977049,69.45675327,10.98801965,0,0,1
07 04 2021,34.90306549,25.64492327,0,20.30549088,12.96991869,67.88873301,11.26671072,0,0,1
07 04 2021,34.56795047,25.52458375,0,20.37296436,12.94962687,68.50467558,11.14087656,0,0,1
07 04 2021,34.57375225,25.60073177,0,20.3334638,12.91850326,68.49303038,11.16404852,0,0,1
07 04 2021,34.78791019,25.63348725,0,20.29572221,12.97214553,67.95592805,11.27336086,0,0,1
07 04 2021,34.59829806,25.52084774,0,20.39949183,13.09160419,69.04618955,11.15110982,0,0,1
07 04 2021,34.64824851,25.60571077,0,20.36432234,13.00018693,68.8333057,11.06670589,0,0,1
07 04 2021,34.89613365,25.59099689,0,20.31507742,13.02206739,67.9018332,11.30589321,0,0,1
07 04 2021,34.83312266,25.60663618,0,20.30199484,12.94201332,67.89157348,11.23533024,0,0,1
07 04 2021,34.68796808,25.58889153,0,20.37529722,12.95430584,68.29063523,11.21984841,0,0,1
07 04 2021,34.49739937,25.55770253,0,20.44623652,13.03672377,69.7729652,11.02221422,0,0,1
07 04 2021,34.63220584,25.71920464,0,20.32395327,12.95300692,69.3067046,11.04615184,0,0,1
07 04 2021,34.54509119,25.6973278,0,20.31655911,12.90726205,68.67626733,11.06535532,0,0,1
07 04 2021,34.79221679,25.70260697,0,20.29945205,12.96946071,68.19862413,11.18058367,0,0,1
07 04 2021,34.67007254,25.49597361,0,20.43930238,12.99715633,68.35754038,11.23094228,0,0,1
07 04 2021,34.68492236,25.78226913,0,20.4227457,12.97309221,68.61239275,11.23092433,0,0,1
07 04 2021,34.45847205,25.56160945,0,20.39213746,12.98463333,69.00156286,11.07511272,0,0,1
07 04 2021,34.9064663,25.71341119,0,20.28248571,12.93944909,67.98198403,11.16643623,0,0,1
07 04 2021,34.89449028,25.61034627,0,20.2463594,12.98207756,67.93191131,11.10596451,0,0,1
07 04 2021,34.87456633,25.60500705,0,20.20097035,12.96884728,67.82188584,11.12959357,0,0,1
07 04 2021,34.81652591,25.65558561,0,20.4374602,12.98382823,68.20747043,11.34143936,0,0,1
07 04 2021,35,26,0,20.7,13,68.6,11.5,0,0,0
08 04 2021,37.45003214,24.72149126,4.538547111,15.80398536,10.52410941,60.06951765,10.54861437,0,1,1
08 04 2021,37.55066241,24.71828407,4.61278249,15.8322661,10.56328602,60.0029672,10.53371409,0,1,1
08 04 2021,37.07492259,24.65811713,4.726708435,15.89182403,10.62427626,61.39038284,10.31061505,0,1,1
08 04 2021,37.59720872,24.69374564,4.227965311,15.92408246,10.60020504,60.10700859,10.59021158,0,1,1
08 04 2021,37.37557535,24.65988672,4.057868202,15.82067471,10.54829536,60.06936009,10.52864774,0,1,1
08 04 2021,37.50352712,24.73467092,4.750863831,15.78347537,10.55721763,60.01268231,10.47128221,0,1,1
08 04 2021,37.75464335,24.78472904,4.60651189,15.77867196,10.52589271,59.65863482,10.63524664,0,1,1
08 04 2021,37.2461242,24.58583764,4.582905043,15.94000192,10.63433842,60.56088026,10.50495409,0,1,1
08 04 2021,37.02960231,24.75096766,4.483712423,15.92521255,10.59268069,61.29893745,10.32396637,0,1,1
08 04 2021,37.41871071,24.72071436,4.474073242,15.8427155,10.52471188,60.25345378,10.50738494,0,1,1
08 04 2021,37.45968523,24.63545524,4.241543335,15.84749088,10.53973679,59.90675099,10.63367945,0,1,1
08 04 2021,37.7753402,24.7780315,4.91089289,15.80920411,10.51142952,59.64788312,10.65483161,0,1,1
08 04 2021,37.56185889,24.69585815,4.570306302,15.84844035,10.56168329,59.94907906,10.64848319,0,1,1
08 04 2021,37.59712766,24.66064448,4.938957589,15.87235399,10.55801395,59.91341067,10.68686613,0,1,1
08 04 2021,37.75508905,24.7965815,4.382710402,15.72144086,10.51228408,59.5966941,10.52788225,0,1,1
08 04 2021,37.71075172,24.77420096,4.394995481,15.81388741,10.51167089,59.74449103,10.68841478,0,1,1
08 04 2021,37.37507097,24.64982645,4.434576894,15.99184452,10.60968442,60.42972288,10.58245876,0,1,1
08 04 2021,37.66066162,24.6726191,5.040168725,15.81836855,10.54599688,59.65897307,10.74852015,0,1,1
08 04 2021,37.70678994,24.67050681,4.809613192,15.69865609,10.54549528,59.28384491,10.53772274,0,1,1
08 04 2021,37.21567139,24.78365131,4.701221289,15.8827713,10.5702483,60.79435769,10.31445273,0,1,1
08 04 2021,37.31731521,24.79177972,4.554801493,15.97638838,10.62116182,61.02106634,10.43206693,0,1,1
08 04 2021,37.50669076,24.62394476,4.46752441,15.77544458,10.56143818,59.68119826,10.61677411,0,1,1
08 04 2021,37.4308022,24.61172128,5.062774312,15.91045599,10.5662617,60.04559599,10.72701421,0,1,1
08 04 2021,37.75753293,24.73154973,4.900520181,15.74522904,10.55534373,59.51475598,10.72015753,0,1,1
08 04 2021,37.71597763,24.74597308,5.009957892,15.77220889,10.48635118,59.56560693,10.65131167,0,1,1
08 04 2021,37.74141364,24.76016124,4.897474888,15.73744945,10.50757912,59.54452624,10.59173627,0,1,1
08 04 2021,37.73867754,24.77216947,4.59238605,15.78240971,10.49547981,59.62157121,10.67315792,0,1,1
08 04 2021,37.73189438,24.69079464,4.669794598,15.7438932,10.5779623,59.47606614,10.64366134,0,1,1
08 04 2021,37.58516012,24.69456179,4.655950528,15.77225839,10.54537412,59.72606329,10.60663972,0,1,1
08 04 2021,37.53549195,24.7263928,4.66234624,15.90958352,10.54527725,60.8279932,10.39689955,0,1,1
08 04 2021,38,25,5.073893805,15.8,10.4,59.7,10.8,0,1,0
09 04 2021,15.23748082,14.49081683,0,16.4569293,10.0696941,57.758552,7.985477442,0,0,1
09 04 2021,15.77190879,14.55216384,0,16.35025249,10.19633297,57.3660442,8.143618089,0,0,1
09 04 2021,15.22822093,14.51420353,0,16.54900567,10.1271815,58.40110311,7.943892829,0,0,1
09 04 2021,14.89297208,14.34614258,0,16.57046338,10.11595391,58.32194704,7.967356553,0,0,1
09 04 2021,15.53266356,14.82068863,0,16.48644087,10.17777121,59.00883697,7.763193697,0,0,1
09 04 2021,15.21392734,14.43663382,0,16.46316345,10.03881418,57.59513043,8.059797592,0,0,1
09 04 2021,15.55891415,14.62686522,0,16.52602165,10.15746431,58.27227046,8.018411607,0,0,1
09 04 2021,15.03408501,14.53459217,0,16.48664461,10.08475641,58.50103385,7.881659802,0,0,1
09 04 2021,14.96594308,14.42024895,0,16.50788407,10.05248976,57.92331898,7.961234066,0,0,1
09 04 2021,15.09011268,14.39599083,0,16.46341947,10.06142433,57.63671843,8.023869887,0,0,1
09 04 2021,15.78574532,14.68784052,0,16.36130537,10.15345723,57.68912476,7.939523982,0,0,1
09 04 2021,15.38411339,14.57339626,0,16.58288148,10.14100194,58.95147901,7.860245033,0,0,1
09 04 2021,15.59625141,14.56717093,0,16.49155184,10.12328991,57.77991175,8.034482992,0,0,1
09 04 2021,14.7901569,14.43057207,0,16.57797928,10.09881206,58.71300361,7.838297569,0,0,1
09 04 2021,15.84199652,14.69725723,0,16.38268464,10.12505082,57.65626325,7.997026535,0,0,1
09 04 2021,14.81524558,14.58071519,0,16.50245493,10.06015165,58.82794918,7.800424046,0,0,1
09 04 2021,15.01529111,14.35138056,0,16.48087385,10.06747593,57.60945568,8.023336603,0,0,1
09 04 2021,14.83250646,14.42564923,0,16.55897217,10.06180552,58.1782226,7.904441905,0,0,1
09 04 2021,15.39656281,14.53971068,0,16.40558675,10.10007321,57.60613261,8.006655705,0,0,1
09 04 2021,15.20136984,14.55027071,0,16.45628036,10.06225281,58.2691762,7.854343602,0,0,1
09 04 2021,15.2969258,14.73679394,0,16.65996062,10.27296293,59.78089345,7.713946273,0,0,1
09 04 2021,15.03832929,14.45679909,0,16.4859611,10.0236556,57.91678946,7.966290365,0,0,1
09 04 2021,14.82011844,14.4565672,0,16.5686753,10.03806972,58.36308615,7.910977805,0,0,1
09 04 2021,15.57944815,14.66515208,0,16.55649731,10.18276176,59.01017489,7.832855861,0,0,1
09 04 2021,15.14737939,14.42367931,0,16.45895315,10.0335563,57.60180517,8.048961583,0,0,1
09 04 2021,14.98133613,14.44607564,0,16.51243261,10.0324769,57.94666214,7.956157384,0,0,1
09 04 2021,15.42975898,14.5678397,0,16.47417126,10.06864006,57.87235294,8.003542266,0,0,1
09 04 2021,15.40482025,14.67202571,0,16.61032817,10.20714552,58.873111,7.842033264,0,0,1
09 04 2021,15.15040574,14.47936615,0,16.46410285,10.08914131,58.04152381,7.92698113,0,0,1
09 04 2021,15.15807835,14.51237793,0,16.45783242,10.08654595,58.09495633,7.923124892,0,0,1
09 04 2021,14,14,0,16.5,9.9,57.4,8,0,0,0
10 04 2021,18.94725288,17.28978917,0,17.95722771,9.554214565,67.02293817,10.16126122,0,0,1
10 04 2021,19.34914233,17.31006726,0,17.87276779,9.646365843,66.38342538,10.27330387,0,0,1
10 04 2021,18.58023657,17.19550106,0,18.06429562,9.465665665,67.16601991,10.23765323,0,0,1
10 04 2021,18.73049157,17.21783644,0,18.00367689,9.522427297,66.93021858,10.26415161,0,0,1
10 04 2021,19.06585356,17.31300631,0,17.90342143,9.516133193,66.55899456,10.1902318,0,0,1
10 04 2021,18.74566716,17.18280593,0,18.00086116,9.499316514,66.80885488,10.28577703,0,0,1
10 04 2021,18.53592949,17.08235215,0,18.0436544,9.561808899,68.15073453,10.07424847,0,0,1
10 04 2021,18.83261915,17.28271052,0,18.03415684,9.750731602,68.39787577,9.960696677,0,0,1
10 04 2021,18.94500861,17.32179927,0,17.91031434,9.465137048,66.6792611,10.15811397,0,0,1
10 04 2021,18.91428665,17.31909947,0,17.93970882,9.486697887,66.79890307,10.14775982,0,0,1
10 04 2021,18.87997671,17.29857148,0,18.02256717,9.635104581,68.09080137,10.00593323,0,0,1
10 04 2021,18.89222452,17.4722582,0,17.92534062,9.537623769,67.68682532,9.986519113,0,0,1
10 04 2021,18.44982405,17.0990932,0,18.03990808,9.543590659,67.96037822,10.12348037,0,0,1
10 04 2021,19.34636617,17.37969089,0,18.00337296,9.775159868,67.16477535,10.12172883,0,0,1
10 04 2021,18.78228114,17.21731307,0,17.99202716,9.46330108,66.77222022,10.27639295,0,0,1
10 04 2021,19.06886091,17.27363291,0,17.91387524,9.510625856,66.46538343,10.27516061,0,0,1
10 04 2021,18.7392305,17.22303453,0,17.99495828,9.492960947,66.99569455,10.22657068,0,0,1
10 04 2021,18.85724986,17.29434646,0,17.97463586,9.52881513,67.34952175,10.09887747,0,0,1
10 04 2021,19.36393307,17.39020526,0,17.87802265,9.584064094,66.49478705,10.15201387,0,0,1
10 04 2021,18.9719058,17.46408152,0,18.10971435,9.717879868,68.37655931,9.882847651,0,0,1
10 04 2021,18.77888743,17.22674178,0,17.94645543,9.446788606,66.62862243,10.26908036,0,0,1
10 04 2021,18.66784038,17.30673171,0,18.10392896,9.545058211,67.78992875,10.09399477,0,0,1
10 04 2021,18.87548646,17.29491543,0,18.00031557,9.550071505,66.98732276,10.17846292,0,0,1
10 04 2021,18.83259203,17.19263633,0,17.99201771,9.50912464,66.73494925,10.31443354,0,0,1
10 04 2021,19.27350346,17.29167529,0,17.90222409,9.588864173,66.43716019,10.28316937,0,0,1
10 04 2021,18.58241059,17.35523357,0,18.05376172,9.640791091,68.23261124,10.00734789,0,0,1
10 04 2021,18.63318019,17.22347819,0,18.15642586,9.574672746,67.71756378,10.14012592,0,0,1
10 04 2021,18.97091123,17.22921243,0,17.95353753,9.518867456,66.61473383,10.25794677,0,0,1
10 04 2021,19.02237166,17.38744375,0,17.94654036,9.548901013,67.02326257,10.09347597,0,0,1
10 04 2021,18.69476246,17.32652364,0,18.06409316,9.537119019,67.73493521,10.07958903,0,0,1
10 04 2021,18,17,0,18.1,9.3,67,10.4,0,0,0
11 04 2021,22.66225542,19.13539088,0,18.70906978,13.1409858,73.37166097,14.60579574,0,0,1
11 04 2021,22.52091108,19.10519748,0,18.72104287,13.21528437,73.86448366,14.59016101,0,0,1
11 04 2021,22.42665443,19.16988434,0,18.73391472,13.19518188,74.06622957,14.51210512,0,0,1
11 04 2021,22.59325294,19.06674992,0,18.63880591,13.13747592,73.00942454,14.82939571,0,0,1
11 04 2021,22.78509934,19.17027836,0,18.55486759,13.1137773,72.95639582,14.5554096,0,0,1
11 04 2021,22.75049126,19.20448751,0,18.53003578,13.08492582,72.91787761,14.57610643,0,0,1
11 04 2021,22.34507908,19.10878184,0,18.68908855,13.19164776,73.75036346,14.74423849,0,0,1
11 04 2021,22.99587796,19.23512769,0,18.53911702,13.18047983,73.42267486,14.32204274,0,0,1
11 04 2021,22.78244867,19.11822069,0,18.57456446,13.12376374,72.84996851,14.64163411,0,0,1
11 04 2021,22.75472244,19.15991288,0,18.59986187,13.11367706,73.11434812,14.54280636,0,0,1
11 04 2021,22.63266642,19.14409583,0,18.66456897,13.2229005,74.47943825,14.35500907,0,0,1
11 04 2021,22.69583295,19.11676022,0,18.57601359,13.13245224,72.82427845,14.7904275,0,0,1
11 04 2021,22.55890554,19.16759873,0,18.63408175,13.15992528,73.43778377,14.65261067,0,0,1
11 04 2021,22.46703583,19.1304305,0,18.65010739,13.1653695,73.58495502,14.69772759,0,0,1
11 04 2021,23.0531472,19.15807601,0,18.45684763,13.13880005,72.34706889,14.60636312,0,0,1
11 04 2021,22.30021668,19.12501521,0,18.72976182,13.16356949,73.9437644,14.71840065,0,0,1
11 04 2021,22.39678357,19.20496315,0,18.6464512,13.20446766,74.3397208,14.60045002,0,0,1
11 04 2021,22.40093895,19.16290003,0,18.71327268,13.19910203,74.21549827,14.47120075,0,0,1
11 04 2021,22.65478808,19.09071445,0,18.57918012,13.16817865,72.8996954,14.79151946,0,0,1
11 04 2021,22.14425324,19.18031286,0,18.71945277,13.19944428,74.34508854,14.62817317,0,0,1
11 04 2021,22.42156384,19.2706813,0,18.52230171,13.23922697,75.09386908,14.18560309,0,0,1
11 04 2021,22.19176619,19.30047405,0,18.59730215,13.14046788,74.68357275,14.31459494,0,0,1
11 04 2021,22.73070058,19.18308486,0,18.59455501,13.12574783,73.34911745,14.41913096,0,0,1
11 04 2021,22.91473445,19.29714248,0,18.57800566,13.20192306,73.74592144,14.27586961,0,0,1
11 04 2021,21.83661912,19.23247156,0,18.69582942,13.07869815,75.11709766,14.13605504,0,0,1
11 04 2021,22.54860166,19.30954549,0,18.70151462,13.21315418,74.41446137,14.32174808,0,0,1
11 04 2021,22.7033462,19.17211073,0,18.5451164,13.20244114,73.34893125,14.50419881,0,0,1
11 04 2021,22.35747769,19.15300548,0,18.68464913,13.13138396,73.82331936,14.61469041,0,0,1
11 04 2021,22.95064279,19.10253138,0,18.47692404,13.17092924,72.40054277,14.79622596,0,0,1
11 04 2021,22.64324716,19.12870401,0,18.60555152,13.15205519,73.12660549,14.67184524,0,0,1
11 04 2021,22,19,0,18.8,13.2,73.8,15.2,0,0,0
12 04 2021,26.25462255,21.03944156,0,18.20866387,14.10252903,86.21218301,11.09924831,0,0,1
12 04 2021,26.52293032,20.99667002,0,18.19517189,14.05767846,84.99626458,11.11860554,0,0,1
12 04 2021,26.65482281,20.95515582,0,18.13246611,14.08699986,84.53580413,11.15041249,0,0,1
12 04 2021,26.44737061,20.98809038,0,18.16130982,14.03684815,85.00482807,11.05175747,0,0,1
12 04 2021,26.30062442,20.97727477,0,18.25362362,14.08568453,85.68911886,11.23911879,0,0,1
12 04 2021,26.37704803,21.12117535,0,18.25387621,14.08752668,85.69920324,10.96623589,0,0,1
12 04 2021,26.16887629,21.01575093,0,18.38832806,14.10222975,86.16067899,11.06950558,0,0,1
12 04 2021,26.6858468,20.96593726,0,18.07472224,14.06308504,84.37103702,11.19564082,0,0,1
12 04 2021,26.36908892,21.01409757,0,18.22475883,14.02875967,85.41379596,11.10230778,0,0,1
12 04 2021,26.46620501,20.98345774,0,18.17256568,14.0627903,85.04619117,11.17398084,0,0,1
12 04 2021,26.39109534,20.98018472,0,18.24836297,14.10268717,86.03090664,11.0387343,0,0,1
12 04 2021,26.54504204,20.97058588,0,18.15394759,14.03646759,84.79001669,11.1236758,0,0,1
12 04 2021,26.24263486,20.96639284,0,18.31819013,14.10305132,85.89632633,11.20339359,0,0,1
12 04 2021,26.38049813,20.96954112,0,18.32056449,14.0696962,85.73903665,10.96800755,0,0,1
12 04 2021,26.4124006,21.02702837,0,18.15074806,14.08169706,85.36694185,11.07402462,0,0,1
12 04 2021,26.05141555,21.06073017,0,18.3136069,14.116577,86.60605291,10.98340798,0,0,1
12 04 2021,26.5323555,20.96543709,0,18.17667321,14.03361817,84.78556016,11.13935484,0,0,1
12 04 2021,26.51093537,21.07904403,0,18.14543344,14.01531841,85.15732471,11.01110686,0,0,1
12 04 2021,26.38894378,20.94300959,0,18.23668532,14.10008459,85.35771704,11.26273906,0,0,1
12 04 2021,26.39022441,21.05116769,0,18.24870377,14.09381025,85.8074538,11.04527461,0,0,1
12 04 2021,26.01116822,20.88051763,0,18.30656628,14.10984716,86.99339454,10.8956268,0,0,1
12 04 2021,26.50316049,21.02385129,0,18.21641898,14.05940926,85.1789321,11.03014339,0,0,1
12 04 2021,26.35133032,20.94330677,0,18.28210631,14.06164074,85.41022506,11.16296506,0,0,1
12 04 2021,26.35726872,20.97848234,0,18.29416588,14.07642577,85.49198384,11.15973041,0,0,1
12 04 2021,26.4901859,20.97489487,0,18.15978715,14.15417294,85.14260899,11.15747868,0,0,1
12 04 2021,26.71242933,21.0249923,0,18.0946963,14.07180333,84.52573833,11.10535154,0,0,1
12 04 2021,25.93791953,21.00181216,0,18.26156398,14.13278661,86.9183213,10.82253614,0,0,1
12 04 2021,26.39713296,20.92819015,0,18.29825145,14.11146316,86.00640662,11.00870567,0,0,1
12 04 2021,26.28170303,20.94008713,0,18.32189506,14.15285655,85.92246854,11.27319208,0,0,1
12 04 2021,26.34816324,20.96557001,0,18.26538536,14.16056277,85.71130643,11.26733916,0,0,1
12 04 2021,26,21,0,18.4,14.2,87.1,11.4,0,0,0
13 04 2021,29.08075696,21.76841869,0,18.8484572,12.60103332,80.02526166,10.2763982,0.1,0,1
13 04 2021,28.95652521,21.91697231,0,18.72900557,12.39743287,79.05443703,10.36834576,0.1,0,1
13 04 2021,29.25657381,21.91915371,0,18.65185373,12.37977031,78.07150346,10.57091276,0.1,0,1
13 04 2021,28.47763797,21.9919049,0,18.66710607,12.48057371,80.23778238,10.15678436,0.1,0,1
13 04 2021,28.76490537,21.99140758,0,18.7640487,12.3925654,79.29504555,10.39546651,0.1,0,1
13 04 2021,29.1990384,21.94284273,0,18.70107581,12.3707519,78.35344833,10.60260814,0.1,0,1
13 04 2021,29.14636886,21.96153524,0,18.64272899,12.4170454,78.42506644,10.39556501,0.1,0,1
13 04 2021,29.13563251,21.88968485,0,18.76499105,12.46417649,78.60553142,10.66542749,0.1,0,1
13 04 2021,28.94054321,21.98230861,0,18.82300139,12.40057511,79.21528675,10.5293353,0.1,0,1
13 04 2021,29.11168706,21.99116619,0,18.65590667,12.42747648,79.30372473,10.42783207,0.1,0,1
13 04 2021,28.98926018,21.98656208,0,18.74854065,12.4813135,79.33124727,10.37498527,0.1,0,1
13 04 2021,28.72620558,22.07825321,0,18.68683862,12.42833286,79.79934853,10.20985007,0.1,0,1
13 04 2021,29.35552028,21.8309141,0,18.58911692,12.43238112,77.66006,10.59356787,0.1,0,1
13 04 2021,28.9073102,21.97601009,0,18.80750247,12.41367855,79.49687078,10.50560383,0.1,0,1
13 04 2021,28.96122631,21.85865917,0,18.70338548,12.64181128,80.03931712,10.19690366,0.1,0,1
13 04 2021,29.10473135,21.87617642,0,18.79320324,12.38207735,78.56670899,10.63777135,0.1,0,1
13 04 2021,29.18869691,21.98495594,0,18.70964522,12.38213927,78.57935387,10.57239553,0.1,0,1
13 04 2021,29.25101605,21.94137698,0,18.61769673,12.41116878,78.09976132,10.53819182,0.1,0,1
13 04 2021,28.93252801,21.96220271,0,18.8787716,12.53181746,79.91875996,10.37523932,0.1,0,1
13 04 2021,29.1935733,21.91224099,0,18.74158014,12.44803133,78.50126094,10.66850104,0.1,0,1
13 04 2021,29.28534056,21.95420836,0,18.63255294,12.39055892,78.11962375,10.66322085,0.1,0,1
13 04 2021,29.05236316,21.86342371,0,18.8796599,12.46330239,78.92906415,10.56946866,0.1,0,1
13 04 2021,29.10821023,21.824865,0,18.73596113,12.38189543,78.27254032,10.68049803,0.1,0,1
13 04 2021,29.24754954,21.92939402,0,18.65539319,12.38664876,78.12512489,10.56738858,0.1,0,1
13 04 2021,28.61104688,21.85731316,0,18.72891334,12.46219834,79.98913204,10.44242768,0.1,0,1
13 04 2021,28.75702729,21.86950454,0,18.75211134,12.43255353,79.46059697,10.34724929,0.1,0,1
13 04 2021,28.8167213,21.9811376,0,18.84981171,12.37631446,79.43119297,10.56420663,0.1,0,1
13 04 2021,28.99058763,21.94510133,0,18.6919142,12.43691481,79.25972421,10.44187399,0.1,0,1
13 04 2021,28.88403559,22.02653098,0,18.6983014,12.38608798,79.62124329,10.36663124,0.1,0,1
13 04 2021,29.0341664,21.84603351,0,18.83429077,12.43682319,78.77083929,10.59379263,0.1,0,1
13 04 2021,29,22,0,18.9,12.4,79.5,10.8,0.1,0,0
14 04 2021,33.64555512,24.67341993,0,18.16439341,10.54970474,64.85832048,6.743816346,0,0,1
14 04 2021,33.54520528,24.62362212,0,18.35010213,10.61623113,65.0785194,6.827364674,0,0,1
14 04 2021,33.84079724,24.71211026,0,18.30130808,10.56148933,64.43455189,6.878461357,0,0,1
14 04 2021,33.65041088,24.58071273,0,18.26446339,10.57600823,64.56832624,6.927438166,0,0,1
14 04 2021,33.78396787,24.68875639,0,18.16593062,10.5419512,64.26505312,6.862328285,0,0,1
14 04 2021,33.69608526,24.63929699,0,18.36658209,10.60877151,65.3419451,6.755688546,0,0,1
14 04 2021,33.83280128,24.69320938,0,18.39089431,10.60375422,64.78928915,6.861569092,0,0,1
14 04 2021,33.24512077,24.7257534,0,18.33036105,10.64607301,66.16124375,6.619913241,0,0,1
14 04 2021,34.03111164,24.64492129,0,18.05487782,10.5869306,63.63212149,7.002396687,0,0,1
14 04 2021,33.90422019,24.80318601,0,18.22462633,10.49988028,64.31801578,6.803926091,0,0,1
14 04 2021,33.76405254,24.7799534,0,18.2050105,10.52270499,64.6432623,6.76433441,0,0,1
14 04 2021,33.82694502,24.8357533,0,18.37564795,10.55347729,64.7448505,6.780184166,0,0,1
14 04 2021,33.63680794,24.71929579,0,18.296632,10.5792049,64.85860649,6.804001743,0,0,1
14 04 2021,33.38888679,24.62311956,0,18.29580672,10.57725494,65.10275254,6.827592454,0,0,1
14 04 2021,33.89348175,24.80325643,0,18.27485934,10.54524223,64.37165682,6.844766554,0,0,1
14 04 2021,33.62200146,24.84037096,0,18.15581203,10.56906636,65.15668835,6.668651634,0,0,1
14 04 2021,33.77491091,24.74370727,0,18.28583172,10.50368399,64.51713621,6.845598325,0,0,1
14 04 2021,33.859493,24.74124397,0,18.2663105,10.52738109,64.43678534,6.816233704,0,0,1
14 04 2021,33.65413139,24.52599678,0,18.23816216,10.57525792,64.45402986,6.983241301,0,0,1
14 04 2021,33.74058287,24.7940354,0,18.28857009,10.53307238,64.94594924,6.756710484,0,0,1
14 04 2021,33.78729572,24.82774035,0,18.34010421,10.5335339,64.86108772,6.762960621,0,0,1
14 04 2021,33.69349621,24.67253483,0,18.29042719,10.51582948,64.5458681,6.901066722,0,0,1
14 04 2021,33.66836429,24.76740253,0,18.26372867,10.5496949,64.85059978,6.77223718,0,0,1
14 04 2021,33.37880209,24.61744028,0,18.30137906,10.62016572,65.51787079,6.764883056,0,0,1
14 04 2021,33.93142915,24.73351177,0,18.21871384,10.57830441,64.20955383,6.87483842,0,0,1
14 04 2021,33.42042427,24.58891853,0,18.32080076,10.68798213,66.08492735,6.650751559,0,0,1
14 04 2021,33.77290707,24.71931701,0,18.16599867,10.58001041,64.90919483,6.749813492,0,0,1
14 04 2021,33.91420301,24.7878469,0,18.24903837,10.54866203,64.37290385,6.835170651,0,0,1
14 04 2021,33.65478414,24.67569683,0,18.2934783,10.58568476,64.80996825,6.853657488,0,0,1
14 04 2021,33.49097381,24.74763448,0,18.26437585,10.64639524,65.97374432,6.629774968,0,0,1
14 04 2021,34,25,0,18.4,10.4,64.4,6.8,0,0,0
15 04 2021,36.80970255,25.57995223,7.400004131,17.74173045,11.80724041,75.13917211,11.0708465,0.3,1,1
15 04 2021,36.60560467,25.65822048,7.731373568,17.84577869,11.79846378,76.0100769,11.04183982,0.3,1,1
15 04 2021,36.71074088,25.66274451,8.144285849,17.78698661,11.8103709,75.65757907,11.02696059,0.3,1,1
15 04 2021,36.56778016,25.68988126,6.921156274,17.8781728,11.82708446,76.20312834,10.99657718,0.3,1,1
15 04 2021,36.87071448,25.65665105,8.245639297,17.7583868,11.86141368,75.44639687,11.12143773,0.3,1,1
15 04 2021,36.46836742,25.75211521,7.943011095,17.868677,11.82357208,76.57949479,10.91245542,0.3,1,1
15 04 2021,36.53990126,25.44323069,6.359615558,17.91960396,11.87971086,75.61408495,11.0091257,0.3,1,1
15 04 2021,36.78056899,25.62125399,7.619990554,17.76998152,11.86058419,75.53472375,11.17127585,0.3,1,1
15 04 2021,36.67541173,25.61948093,6.80375117,17.84410257,11.83513154,75.77964597,11.12882264,0.3,1,1
15 04 2021,36.49800683,25.6127411,7.150736994,17.88259295,11.90378371,76.25309705,11.07803765,0.3,1,1
15 04 2021,36.65324666,25.68906137,7.825542486,17.92388799,11.79036116,76.23055828,11.15579342,0.3,1,1
15 04 2021,36.56315082,25.7116883,7.666804159,17.90097405,11.88493022,77.17111493,10.91961223,0.3,1,1
15 04 2021,35.85398521,25.6803642,7.419194702,17.92896636,11.8237661,77.58040407,10.76372306,0.3,1,1
15 04 2021,36.53528468,25.60544519,7.512044622,17.91219821,11.83789542,76.0995043,11.09482104,0.3,1,1
15 04 2021,36.74471105,25.71523803,7.980718424,17.88650634,11.81027293,76.09221606,11.16942949,0.3,1,1
15 04 2021,36.50383605,25.60913438,6.854810294,17.89362497,11.84994556,76.09231835,10.90871818,0.3,1,1
15 04 2021,36.29959058,25.52994179,7.796484113,17.89159475,11.85021376,76.09138352,10.92382683,0.3,1,1
15 04 2021,36.43685181,25.61545359,7.709254807,17.9123366,11.85119959,76.20015186,10.99854921,0.3,1,1
15 04 2021,36.25540053,25.58286631,7.217358301,18.00846299,11.93417958,76.82387086,10.84187008,0.3,1,1
15 04 2021,36.75003138,25.65796211,7.373632531,17.81306924,11.81683767,75.7001397,11.09112044,0.3,1,1
15 04 2021,36.70647743,25.6888688,7.592500814,18.03566219,11.92389449,76.63181287,11.06744527,0.3,1,1
15 04 2021,36.7198759,25.73981485,7.650727252,17.90555781,11.81778155,76.2663965,11.12907268,0.3,1,1
15 04 2021,36.73395812,25.75585219,7.67692171,17.85602731,11.81479083,76.14636958,11.01921831,0.3,1,1
15 04 2021,36.39935335,25.59691885,8.365417567,18.04795958,11.87931071,76.83146303,11.09993333,0.3,1,1
15 04 2021,36.30287664,25.59892116,7.331532299,17.89598493,11.90942223,77.62401128,10.84049094,0.3,1,1
15 04 2021,36.31746539,25.53642808,6.817549443,17.9038662,11.78618039,76.12376503,10.97407724,0.3,1,1
15 04 2021,36.64645185,25.54597666,7.881227843,17.80368078,11.82161514,75.4693548,11.10711494,0.3,1,1
15 04 2021,36.45506064,25.58325614,8.024212073,17.96408565,11.99313409,77.64039249,10.78065504,0.3,1,1
15 04 2021,36.46972419,25.68993504,8.402123666,18.02491959,11.85674185,77.02152281,11.05730727,0.3,1,1
15 04 2021,36.64932244,25.56892278,6.788380208,17.82121894,11.82461364,75.56564673,11.11779321,0.3,1,1
15 04 2021,37,26,8.150442478,18,11.8,77,11.3,0.3,1,0
16 04 2021,10.30658429,9.779937807,0,16.96253293,13.74093755,75.69798919,19.08688352,0,0,1
16 04 2021,9.925609783,9.786931768,0,17.00169188,13.71838057,76.37852962,19.02489215,0,0,1
16 04 2021,10.35772836,9.693316631,0,16.92701119,13.70153918,75.12664978,19.22196254,0,0,1
16 04 2021,10.54937836,9.886558408,0,16.91793206,13.83504859,76.84856887,18.65168202,0,0,1
16 04 2021,10.47249852,9.932459779,0,16.95027276,13.69411213,75.52366084,18.94873602,0,0,1
16 04 2021,11.17497538,10.07123053,0,16.892427,13.68881213,74.56551242,18.87124745,0,0,1
16 04 2021,10.11332684,9.636714707,0,16.96576971,13.73799821,75.55448401,19.24662528,0,0,1
16 04 2021,10.51927109,9.927014909,0,16.97247463,13.76715158,75.85412009,18.88728594,0,0,1
16 04 2021,10.86592115,10.01258091,0,16.89774644,13.67763237,74.94292436,18.88370738,0,0,1
16 04 2021,10.62430012,9.847968613,0,16.99475159,13.69529043,75.15780044,19.03956069,0,0,1
16 04 2021,10.30083754,9.664144938,0,16.90157063,13.70174093,75.13532926,19.22950641,0,0,1
16 04 2021,10.21162516,9.682186017,0,17.01369906,13.73455987,75.86106481,19.11464465,0,0,1
16 04 2021,10.186785,9.660292683,0,16.91724332,13.72139783,75.37340316,19.22529031,0,0,1
16 04 2021,10.3529217,9.671775791,0,16.85680007,13.75035907,74.99593528,19.2511252,0,0,1
16 04 2021,10.77812449,9.995993249,0,16.87364818,13.72868481,75.59286896,18.78658848,0,0,1
16 04 2021,11.02999986,9.878707525,0,17.02989599,13.78678428,74.96683714,18.99967406,0,0,1
16 04 2021,10.17436967,9.713576333,0,16.96711254,13.71070811,75.68195376,19.1406919,0,0,1
16 04 2021,10.49516406,9.737806022,0,16.97295623,13.74945448,75.19427498,19.16259279,0,0,1
16 04 2021,10.63981592,10.21732208,0,16.96019221,13.73268915,76.66892373,18.50558231,0,0,1
16 04 2021,10.32657086,9.654690582,0,16.92501976,13.71729283,75.11056119,19.24196561,0,0,1
16 04 2021,10.8718319,9.915383303,0,17.1267602,13.78357604,76.3465293,18.6578329,0,0,1
16 04 2021,10.45505924,9.958395442,0,16.92854107,13.71668272,75.93541175,18.85723073,0,0,1
16 04 2021,10.09682898,9.783917227,0,16.98827703,13.7649765,76.20585573,19.04043589,0,0,1
16 04 2021,10.75876775,9.920126192,0,16.93149391,13.65165194,74.93765108,18.98817285,0,0,1
16 04 2021,10.32266291,9.702429319,0,17.00219611,13.69607048,75.33359045,19.20469147,0,0,1
16 04 2021,10.54071753,10.01110703,0,17.0465097,13.7792351,76.47310458,18.71682665,0,0,1
16 04 2021,10.74747579,10.073209,0,17.04719697,13.77716209,76.38833018,18.54840645,0,0,1
16 04 2021,10.81125669,10.02273568,0,16.8974657,13.68211625,75.13884412,18.84008557,0,0,1
16 04 2021,10.73225151,9.936241337,0,17.0305083,13.65876014,75.22915011,18.93486015,0,0,1
16 04 2021,10.33706582,9.69411367,0,16.98952614,13.74539129,75.54495342,19.11948282,0,0,1
16 04 2021,9,9,0,17,13.8,76,19.9,0,0,0
17 04 2021,13.88893759,11.99530604,0,17.82906161,12.6676633,76.87701081,8.358145209,0,0,1
17 04 2021,13.46164728,11.73486668,0,17.9668726,12.79139169,77.3537753,8.409582428,0,0,1
17 04 2021,13.26902042,11.89825878,0,17.87222212,12.82891755,78.78916408,8.17195131,0,0,1
17 04 2021,13.49872388,11.81250249,0,17.838738,12.67999057,77.15459288,8.378153413,0,0,1
17 04 2021,13.47182377,11.97707885,0,17.93825645,12.76886408,78.29521179,8.222623546,0,0,1
17 04 2021,13.75586789,11.95408413,0,17.88963029,12.6408834,76.97464175,8.446641036,0,0,1
17 04 2021,13.40333816,11.72748794,0,17.90075728,12.70704754,77.12306086,8.466674058,0,0,1
17 04 2021,13.60754355,11.81014435,0,17.82775678,12.64048113,76.79963453,8.406985552,0,0,1
17 04 2021,13.50209271,11.87158837,0,17.87554724,12.69337342,77.38914041,8.36539523,0,0,1
17 04 2021,13.12247847,11.82934205,0,17.92882319,12.76306341,78.43004296,8.241732379,0,0,1
17 04 2021,13.28248624,11.63833651,0,17.84379323,12.7058413,77.1035995,8.471164682,0,0,1
17 04 2021,13.47781521,11.79581827,0,18.08341369,12.85496499,78.11009951,8.295246137,0,0,1
17 04 2021,13.6614518,11.93590396,0,17.90168262,12.71244514,77.47783856,8.362830496,0,0,1
17 04 2021,13.31551446,11.6557157,0,17.84392032,12.7597348,77.29131969,8.424935038,0,0,1
17 04 2021,14.01124183,11.9156024,0,17.78841515,12.71648094,76.40387493,8.553495455,0,0,1
17 04 2021,13.42785503,11.87669624,0,17.90213801,12.72443528,77.54910495,8.357399735,0,0,1
17 04 2021,13.22945894,11.64452639,0,18.00298282,12.74770811,77.63390957,8.382747604,0,0,1
17 04 2021,13.03983235,11.53086303,0,17.91897999,12.72752025,77.40112574,8.485196384,0,0,1
17 04 2021,13.08500048,11.5801458,0,18.01425842,12.67555463,77.52149346,8.50085555,0,0,1
17 04 2021,13.09835684,11.59821861,0,17.83244702,12.67259523,77.33548314,8.363435777,0,0,1
17 04 2021,13.27183109,11.86808376,0,17.94641851,12.68171488,77.98101345,8.293956099,0,0,1
17 04 2021,13.20925619,11.87346212,0,17.89718858,12.66692562,78.23765147,8.240685986,0,0,1
17 04 2021,13.56647236,11.90902423,0,17.85929413,12.7031602,77.32190474,8.353780436,0,0,1
17 04 2021,13.2701643,11.73921997,0,17.9543147,12.69901118,77.52112726,8.373177447,0,0,1
17 04 2021,13.04169111,11.75289657,0,17.91481923,12.72012699,78.2601078,8.288103755,0,0,1
17 04 2021,13.59469654,12.09002362,0,17.82686196,12.69726025,78.0115535,8.200801646,0,0,1
17 04 2021,13.47194324,11.9329633,0,17.98419431,12.77954654,78.59857964,8.192035883,0,0,1
17 04 2021,13.29131209,11.78273139,0,17.83462181,12.6518509,77.45054217,8.328103912,0,0,1
17 04 2021,13.65094609,11.93790844,0,17.86235801,12.65690244,77.14356706,8.391363329,0,0,1
17 04 2021,13.17698809,11.69353294,0,17.87410303,12.87886324,79.05533969,8.103144482,0,0,1
17 04 2021,12,11,0,18,12.7,78.1,8.5,0,0,0
18 04 2021,18.98439,17.30448141,0,19.47803743,11.84167211,68.51673844,8.070178556,0,0,1
18 04 2021,19.40905722,17.35977792,0,19.26131855,11.89274998,67.94816163,8.114536501,0,0,1
18 04 2021,19.35107525,17.53129087,0,19.33565908,11.83468591,68.62054668,7.909173503,0,0,1
18 04 2021,18.5841825,17.29357216,0,19.4578877,11.91307645,70.04710646,7.852605439,0,0,1
18 04 2021,19.28767539,17.25177662,0,19.4033289,11.84632606,68.23497408,8.22789263,0,0,1
18 04 2021,18.85749773,17.25447415,0,19.47296893,11.83646323,68.53621388,8.080936467,0,0,1
18 04 2021,18.97618821,17.37981458,0,19.51923224,11.88477935,69.12566615,7.926448382,0,0,1
18 04 2021,18.41684701,17.27393091,0,19.51904702,11.91509227,69.82135399,7.887103916,0,0,1
18 04 2021,18.81896795,17.38718758,0,19.49690259,11.83252488,69.05413681,7.963910329,0,0,1
18 04 2021,19.030582,17.27411047,0,19.37209596,11.87644014,68.10315544,8.125861583,0,0,1
18 04 2021,18.54942067,17.24854251,0,19.49219892,11.83178962,69.27671183,7.952117789,0,0,1
18 04 2021,18.96393229,17.37066173,0,19.39750568,11.8988808,69.04643917,7.972821541,0,0,1
18 04 2021,18.94630991,17.20599097,0,19.52528555,11.90337596,68.64918112,8.120058009,0,0,1
18 04 2021,18.7686738,17.27531083,0,19.46559468,11.82817663,68.5247475,8.018228853,0,0,1
18 04 2021,18.85807471,17.41607153,0,19.39998286,11.8483917,69.60222424,7.85560748,0,0,1
18 04 2021,18.53687718,17.227994,0,19.5829827,11.84517786,69.1199361,8.017677709,0,0,1
18 04 2021,18.69425156,17.28248797,0,19.47942696,11.88483007,69.6062077,7.905034928,0,0,1
18 04 2021,19.20568165,17.30582556,0,19.38806887,11.85146867,68.22894075,8.144949511,0,0,1
18 04 2021,19.42172768,17.48258761,0,19.27979263,11.85330178,68.32451628,7.949145754,0,0,1
18 04 2021,19.28984519,17.34974794,0,19.35092925,11.789187,68.11413091,8.12796803,0,0,1
18 04 2021,18.58319068,17.3215669,0,19.56992871,11.92549711,69.68636422,7.895070962,0,0,1
18 04 2021,18.29125711,17.26145885,0,19.57527091,11.84460392,69.58836436,7.936555186,0,0,1
18 04 2021,19.23122699,17.34719863,0,19.29811518,11.88276893,67.93300091,8.082732478,0,0,1
18 04 2021,18.88053026,17.25999851,0,19.44325875,11.80589588,68.23928544,8.06320871,0,0,1
18 04 2021,19.0256008,17.31287773,0,19.3917226,11.80351832,68.36151565,8.072873036,0,0,1
18 04 2021,18.51795238,17.19895074,0,19.53254276,11.92201465,69.68434719,7.91802889,0,0,1
18 04 2021,18.81140129,17.54799001,0,19.39563499,11.89104025,70.20036605,7.779122535,0,0,1
18 04 2021,18.87000151,17.25302343,0,19.46146956,11.82625695,68.95052547,7.977564141,0,0,1
18 04 2021,18.74247515,17.2750833,0,19.49685328,11.81960271,68.87275538,8.011115226,0,0,1
18 04 2021,18.88349653,17.37735618,0,19.44867777,11.89682475,69.31561935,7.935401564,0,0,1
18 04 2021,18,17,0,19.7,11.8,68.8,8.1,0,0,0
19 04 2021,22.49282356,19.14233662,0,17.28137953,12.16040026,64.69442463,13.13552004,0,0,1
19 04 2021,22.60195564,19.26985586,0,17.14338527,12.11361915,64.91320836,13.00547236,0,0,1
19 04 2021,22.46878948,19.11494049,0,17.20488768,12.12808264,63.99985242,13.30032205,0,0,1
19 04 2021,22.46374095,19.29449837,0,17.3190921,12.15852827,65.78915798,12.77399788,0,0,1
19 04 2021,22.28203582,19.06272594,0,17.31967321,12.09543962,64.84767739,13.20484845,0,0,1
19 04 2021,22.83704983,19.20235885,0,17.23841693,12.10738799,64.31021132,13.01989728,0,0,1
19 04 2021,22.19132488,19.16307327,0,17.34105154,12.16500367,65.34745615,13.03139396,0,0,1
19 04 2021,22.53424533,19.14698232,0,17.1872521,12.09373882,64.09575104,13.22235816,0,0,1
19 04 2021,22.65870352,19.04961529,0,17.22350521,12.16460494,63.93034055,13.30546967,0,0,1
19 04 2021,22.55392517,19.1154012,0,17.26714457,12.09304017,64.28310504,13.20627859,0,0,1
19 04 2021,22.85004691,19.12810201,0,17.18140204,12.13259593,63.76666082,13.19547079,0,0,1
19 04 2021,22.87890123,19.27766188,0,17.14039568,12.07316403,64.26524108,12.92447955,0,0,1
19 04 2021,22.4602636,19.21632382,0,17.20773809,12.08300379,64.38321567,13.15768372,0,0,1
19 04 2021,22.52782935,19.32162158,0,17.2660346,12.34683441,65.89630329,12.86839342,0,0,1
19 04 2021,22.18461609,19.09941615,0,17.23999906,12.19500711,65.54443243,13.01356008,0,0,1
19 04 2021,22.83652043,19.13709159,0,17.14888921,12.13610529,63.67223084,13.24974582,0,0,1
19 04 2021,22.45883421,19.07836966,0,17.25645262,12.17295926,64.43534291,13.23374808,0,0,1
19 04 2021,22.58226197,19.14276427,0,17.22792913,12.08648604,64.21653913,13.17266715,0,0,1
19 04 2021,22.74247512,19.1155084,0,17.23752879,12.12533637,64.0698758,13.18775126,0,0,1
19 04 2021,22.46803706,19.11835632,0,17.37044736,12.16422514,64.82742359,13.11122341,0,0,1
19 04 2021,22.43922822,19.16069973,0,17.29891898,12.12178497,64.41127036,13.21511082,0,0,1
19 04 2021,22.46106784,19.19648794,0,17.28223593,12.16332159,65.38334751,12.9495505,0,0,1
19 04 2021,22.34004992,19.1729111,0,17.28993248,12.19487924,65.71509303,12.90466109,0,0,1
19 04 2021,22.46827508,19.16310944,0,17.33196602,12.23592977,65.37731904,12.87268031,0,0,1
19 04 2021,22.39768124,19.2063964,0,17.29132562,12.1561941,64.83929109,13.14214289,0,0,1
19 04 2021,22.73386842,19.15727205,0,17.17232697,12.10050847,63.93300862,13.15760209,0,0,1
19 04 2021,22.61932022,19.13418564,0,17.26444114,12.11722168,64.08760575,13.20129117,0,0,1
19 04 2021,22.85521773,19.17713508,0,17.12018176,12.10380344,63.73095692,13.13643784,0,0,1
19 04 2021,22.76852268,19.27507528,0,17.1467462,12.10200097,64.60036704,12.95157211,0,0,1
19 04 2021,22.69922875,19.24565266,0,17.18315016,12.21691319,65.46047129,12.87110522,0,0,1
19 04 2021,22,19,0,17.3,12.1,64.1,13.6,0,0,0
20 04 2021,26.00541929,21.00005788,0,18.62831842,11.18871164,69.55763607,6.931228194,0,0,1
20 04 2021,26.00923512,21.00042476,0,18.57733252,11.17701022,69.72606722,6.879977143,0,0,1
20 04 2021,26.12333186,21.04447307,0,18.55695215,11.30850089,69.92901686,6.836405376,0,0,1
20 04 2021,26.26629743,21.02201269,0,18.62816931,11.23828219,69.26732107,6.930447356,0,0,1
20 04 2021,26.2977855,21.0167978,0,18.583442,11.26008362,69.63166873,6.875387922,0,0,1
20 04 2021,26.44929689,21.04275193,0,18.43245399,11.2,68.75982918,6.941802075,0,0,1
20 04 2021,26.12540393,21.02119346,0,18.55233084,11.19346358,69.21123717,6.962298126,0,0,1
20 04 2021,26.16395618,21.03975366,0,18.62653736,11.18008174,69.19730232,6.953050169,0,0,1
20 04 2021,26.28073907,21.04132555,0,18.54628016,11.19845813,69.16717041,6.940628883,0,0,1
20 04 2021,26.5770698,20.97387522,0,18.45712651,11.18614176,68.16629323,7.144879294,0,0,1
20 04 2021,26.42066113,20.97767349,0,18.4803496,11.2057816,68.55948492,7.091793048,0,0,1
20 04 2021,26.30748396,21.09667628,0,18.48779677,11.1912566,69.19047577,6.904011153,0,0,1
20 04 2021,26.37843474,21.11646794,0,18.43995808,11.2070894,68.97164927,6.940379369,0,0,1
20 04 2021,26.34131304,20.91720463,0,18.55935379,11.18112077,68.48932304,7.179618308,0,0,1
20 04 2021,26.8204566,21.15333355,0,18.38925715,11.27582864,68.19492533,6.933347786,0,0,1
20 04 2021,26.23071532,20.96994749,0,18.61186761,11.18093008,68.7825042,7.059156914,0,0,1
20 04 2021,26.18260347,21.04655523,0,18.66865446,11.17808537,69.030349,6.997842987,0,0,1
20 04 2021,26.22883337,21.04193198,0,18.69317268,11.3652283,69.83126836,6.875795338,0,0,1
20 04 2021,26.52121661,21.01987739,0,18.39859448,11.24502328,68.63796354,6.968726656,0,0,1
20 04 2021,26.84949056,21.07431398,0,18.28807187,11.18651879,67.67602797,7.051593176,0,0,1
20 04 2021,26.44245989,21.01735771,0,18.52397404,11.15765703,68.43140643,7.047202693,0,0,1
20 04 2021,26.53104605,21.14812904,0,18.53934794,11.23608958,68.64023098,6.904392053,0,0,1
20 04 2021,26.33771905,20.97614216,0,18.53494379,11.1869858,68.7133255,7.080299728,0,0,1
20 04 2021,26.25391249,21.02967046,0,18.57025088,11.22653782,69.17319157,6.959434798,0,0,1
20 04 2021,26.36724667,20.98393431,0,18.53955471,11.23820706,68.88177571,7.037355556,0,0,1
20 04 2021,26.402957,20.98075251,0,18.51536433,11.15152589,68.42524767,7.08779457,0,0,1
20 04 2021,26.44700298,21.07350264,0,18.40107741,11.32069421,69.53307884,6.873443851,0,0,1
20 04 2021,26.21851778,21.00519748,0,18.628988,11.24101288,69.23872581,6.986320121,0,0,1
20 04 2021,26.15938978,21.08113675,0,18.62902225,11.27189357,69.7385374,6.870862242,0,0,1
20 04 2021,26.6183611,20.9967538,0,18.4068593,11.17823806,67.95058769,7.151437614,0,0,1
20 04 2021,26,21,0,18.7,11.1,68.9,7,0,0,0
21 04 2021,30.06362217,22.96507481,0,19.70997152,13.5069041,82.46294694,12.66710557,0,0,1
21 04 2021,29.94446047,22.83681019,0,19.82923469,13.49399312,82.24182394,12.94796604,0,0,1
21 04 2021,30.17716854,22.80962377,0,19.75351221,13.45434533,81.47587953,12.95014549,0,0,1
21 04 2021,30.12588741,22.81377553,0,19.73678197,13.44524587,81.60512021,12.91763188,0,0,1
21 04 2021,29.73716196,22.87419471,0,19.9166088,13.52450147,83.0879385,12.83212266,0,0,1
21 04 2021,30.00097179,22.87123688,0,19.75586375,13.50929962,82.1183261,12.83610358,0,0,1
21 04 2021,30.04966859,22.8555888,0,19.74269213,13.56709388,82.52841768,12.84941323,0,0,1
21 04 2021,29.83711364,22.73614921,0,19.8540683,13.60693653,82.93304013,12.89495768,0,0,1
21 04 2021,29.761382,22.84430474,0,19.83963474,13.5573785,82.97782766,12.76613773,0,0,1
21 04 2021,29.86031901,22.76940119,0,19.89966355,13.49931828,82.20248903,12.91204532,0,0,1
21 04 2021,30.38270116,22.82363121,0,19.65869748,13.53628255,81.18564233,13.07193407,0,0,1
21 04 2021,30.0201339,22.93053064,0,19.80377827,13.46120473,82.0737388,12.80946604,0,0,1
21 04 2021,29.99501974,22.87798269,0,19.82219747,13.47638147,82.13087315,12.87755846,0,0,1
21 04 2021,29.2770894,22.98974553,0,19.71141998,13.55995561,83.84388578,12.55603946,0,0,1
21 04 2021,29.8471096,22.87365484,0,19.93654157,13.50707256,82.59796522,12.92263527,0,0,1
21 04 2021,29.94121782,22.8916521,0,19.9045918,13.50953913,82.55287799,13.03580063,0,0,1
21 04 2021,29.96452536,22.83520574,0,19.91674138,13.52784024,82.41934469,13.03976149,0,0,1
21 04 2021,29.98751685,22.85309246,0,19.91293359,13.52371483,82.42652205,13.0196521,0,0,1
21 04 2021,29.85189829,22.86932265,0,19.93799966,13.5543646,83.0416402,12.97291342,0,0,1
21 04 2021,30.30700333,22.90298907,0,19.69133033,13.51206865,81.51200027,12.92294794,0,0,1
21 04 2021,29.98811369,22.81493331,0,19.95581529,13.60557365,82.88221408,13.07154658,0,0,1
21 04 2021,29.88590442,22.94195801,0,19.74761505,13.47876375,82.41345865,12.64141581,0,0,1
21 04 2021,30.11875555,22.87974961,0,19.67272976,13.50452227,81.67232033,12.85564859,0,0,1
21 04 2021,29.94831777,22.80236829,0,19.93703322,13.60041026,82.91746959,12.77446609,0,0,1
21 04 2021,29.91133505,22.82083985,0,19.84590603,13.53242746,82.45206422,12.72623868,0,0,1
21 04 2021,30.07321918,22.71609825,0,19.8541939,13.47639869,81.69297111,13.01990823,0,0,1
21 04 2021,29.98741827,22.91995565,0,19.95878121,13.52909987,82.63346191,13.09733059,0,0,1
21 04 2021,30.02384963,22.83539242,0,19.72431241,13.47485171,81.76838956,12.84625438,0,0,1
21 04 2021,29.94730224,22.89758237,0,19.96079288,13.61567177,82.74379956,12.77163112,0,0,1
21 04 2021,29.50266919,23.01806271,0,19.75617225,13.66350033,83.81669696,12.64166144,0,0,1
21 04 2021,30,23,0,20.1,13.6,83.4,13.4,0,0,0
22 04 2021,32.02412279,23.74213628,0,20.48722752,15.39903102,77.39779795,16.14369659,0,0,1
22 04 2021,31.89456102,23.6974103,0,20.5395711,15.4668118,77.5968514,16.06934686,0,0,1
22 04 2021,31.73574203,23.63178723,0,20.53974483,15.46912863,79.34176008,15.75871863,0,0,1
22 04 2021,31.76063596,23.81354028,0,20.64902527,15.47744474,78.43840717,16.11520436,0,0,1
22 04 2021,31.83457827,23.61798132,0,20.65606422,15.52559177,78.66647989,15.90108148,0,0,1
22 04 2021,31.92906272,23.78461937,0,20.65432386,15.52105233,78.07020694,16.33104772,0,0,1
22 04 2021,31.81749562,23.94176299,0,20.71667112,15.6227208,79.2788224,16.1688838,0,0,1
22 04 2021,31.83416741,23.81210603,0,20.67463288,15.47805038,78.29474918,16.21674926,0,0,1
22 04 2021,31.95635708,23.79026209,0,20.66032782,15.55130235,78.11536389,16.34359348,0,0,1
22 04 2021,32.00921736,23.84643569,0,20.6246063,15.5211125,78.05110629,16.2897012,0,0,1
22 04 2021,31.9754615,23.75727406,0,20.55046907,15.46183121,77.73096292,16.13858897,0,0,1
22 04 2021,31.96024042,23.76418718,0,20.50771134,15.4037397,77.69251112,15.90275979,0,0,1
22 04 2021,31.74919035,23.86262529,0,20.60000935,15.46685902,78.50670345,16.06194255,0,0,1
22 04 2021,31.55856144,23.78926881,0,20.60175932,15.43577282,78.61451585,15.95683737,0,0,1
22 04 2021,31.56394106,23.72121582,0,20.58547467,15.49068708,79.27004972,15.63797841,0,0,1
22 04 2021,31.9373051,23.86781445,0,20.4416553,15.39219706,77.86025449,15.89497051,0,0,1
22 04 2021,31.98910096,23.82628938,0,20.54158121,15.46165703,77.85861063,15.9675209,0,0,1
22 04 2021,31.89827861,23.81572297,0,20.55191519,15.47590206,78.90271795,15.90570547,0,0,1
22 04 2021,32.36943979,23.77368089,0,20.21651263,15.43096156,76.47392352,15.95234635,0,0,1
22 04 2021,31.52378209,23.7776312,0,20.61185109,15.63836754,79.58992138,15.89795992,0,0,1
22 04 2021,32.02202097,23.77054152,0,20.51328429,15.49029681,77.53936692,16.29652222,0,0,1
22 04 2021,31.86454608,23.64893416,0,20.45816968,15.31813483,77.37587553,15.98144908,0,0,1
22 04 2021,31.82659773,23.83685087,0,20.77450692,15.53742512,78.53208053,16.20807406,0,0,1
22 04 2021,32.00708018,23.76819159,0,20.62353958,15.51921111,77.95454813,16.23668587,0,0,1
22 04 2021,31.90466018,23.88430788,0,20.6660874,15.50902321,78.33144554,16.18137851,0,0,1
22 04 2021,32.03694278,23.8702167,0,20.62675709,15.55074724,77.96432062,16.22425554,0,0,1
22 04 2021,31.92077116,23.71076336,0,20.54961075,15.39375698,77.6315285,16.13767617,0,0,1
22 04 2021,31.8240771,23.67732869,0,20.56434824,15.46321111,78.07415946,16.00174545,0,0,1
22 04 2021,31.9624164,23.63601641,0,20.47960035,15.35480121,77.27948445,16.03348999,0,0,1
22 04 2021,31.89342241,23.80755777,0,20.63876242,15.49945703,78.12766248,16.27622658,0,0,1
22 04 2021,32,24,0,20.9,15.7,78.9,16.8,0,0,0
23 04 2021,36.45129308,27.56401877,6.023579375,18.15786682,14.69103077,84.00691309,12.71954378,0,1,1
23 04 2021,36.73254739,27.45891005,5.958007271,18.07275934,14.72979972,83.1931943,12.96294162,0,1,1
23 04 2021,36.58677993,27.57998424,5.978795706,18.29339824,14.84584874,85.1335315,12.75451222,0,1,1
23 04 2021,36.65749914,27.57692797,6.293997366,18.22008934,14.77857235,84.01327559,12.85389562,0,1,1
23 04 2021,36.80317471,27.44167546,5.784676266,17.95863403,14.62019711,82.51968676,12.64243012,0,1,1
23 04 2021,36.47515062,27.51579347,6.278708839,18.23822222,14.80459891,84.78984066,12.75798151,0,1,1
23 04 2021,36.79542708,27.50242637,6.223711705,18.0318188,14.69345319,83.05114654,12.81829292,0,1,1
23 04 2021,36.40505725,27.56786052,5.808932296,18.23179731,14.75027516,84.78839534,12.65804538,0,1,1
23 04 2021,36.55595306,27.38083396,6.022954444,18.13956122,14.74573503,83.36531068,12.89134138,0,1,1
23 04 2021,36.76518202,27.59613813,6.271089589,18.14578506,14.72791574,83.69794018,12.89990488,0,1,1
23 04 2021,36.5400941,27.50067472,5.714900723,18.19080466,14.74831568,84.46884989,12.75046987,0,1,1
23 04 2021,36.58577045,27.59082542,6.576927204,18.21220823,14.73032347,84.25379248,12.83532116,0,1,1
23 04 2021,35.92699092,27.24826739,5.90471157,18.1286395,14.67387192,85.08553728,12.4038471,0,1,1
23 04 2021,36.36198202,27.40424659,5.627775575,18.22302051,14.77242473,84.06870396,12.64059303,0,1,1
23 04 2021,36.20561684,27.49139101,6.088114332,18.12083201,14.61033568,84.13394852,12.46734891,0,1,1
23 04 2021,36.84225915,27.41533736,5.673948426,17.92762537,14.65297703,82.34069454,12.73394703,0,1,1
23 04 2021,36.61990962,27.4552402,6.151447939,18.18827812,14.76629399,83.62591665,12.84193707,0,1,1
23 04 2021,36.63224706,27.40498713,5.883028428,18.06435536,14.63686583,82.97300819,12.69118414,0,1,1
23 04 2021,36.50020622,27.39451116,6.202540983,18.02978815,14.63008212,83.23968058,12.54948093,0,1,1
23 04 2021,36.65067712,27.55176892,6.594624937,18.18313376,14.80115486,83.9210266,12.99131515,0,1,1
23 04 2021,36.42187617,27.24112137,6.093249973,18.11013563,14.60375448,82.94359494,12.7839065,0,1,1
23 04 2021,36.48311107,27.30762677,6.279406868,18.24320818,14.80830963,84.18948581,12.72131925,0,1,1
23 04 2021,36.70773348,27.58203016,5.988714658,18.20868436,14.76016435,83.92396432,12.96521791,0,1,1
23 04 2021,36.81272551,27.6441214,6.528913745,18.14024552,14.75759104,83.81425992,12.97345136,0,1,1
23 04 2021,35.93111728,27.51543131,5.936136705,18.13140926,14.84009067,85.43939059,12.35969531,0,1,1
23 04 2021,36.26345673,27.30609225,5.9344185,18.36499532,14.74893236,84.28504698,12.53833311,0,1,1
23 04 2021,36.51487438,27.56345929,6.14787098,18.20645562,14.69575491,84.22480118,12.78966104,0,1,1
23 04 2021,36.61736035,27.52716646,5.692342992,18.1138903,14.68226274,83.59781009,12.73975021,0,1,1
23 04 2021,36.41871178,27.28995788,6.419024753,18.1139529,14.63895678,84.1454951,12.47973608,0,1,1
23 04 2021,36.41432477,27.5945308,6.205420502,18.18400536,14.74613337,84.596671,12.68707249,0,1,1
23 04 2021,37,28,6.56179941,18.3,14.9,85.2,13.2,0,1,0
24 04 2021,9.593571207,8.87727733,0,20.27227271,13.79831508,73.33319861,7.251515295,0.2,0,1
24 04 2021,9.884329302,9.089615747,0,20.13523724,13.78247173,73.102703,7.232988898,0.2,0,1
24 04 2021,9.128677235,8.779821575,0,20.40131215,13.78322936,74.02609399,7.159904895,0.2,0,1
24 04 2021,9.945283182,8.971508548,0,20.16416465,13.80453633,72.82962984,7.325856034,0.2,0,1
24 04 2021,10.14411606,9.219852418,0,20.17792471,13.70565329,73.20248271,7.250269361,0.2,0,1
24 04 2021,9.220583899,8.606827512,0,20.40050761,13.85271101,73.53941047,7.329300782,0.2,0,1
24 04 2021,9.520406894,8.988568217,0,20.33777216,13.76149412,73.82956774,7.187640564,0.2,0,1
24 04 2021,10.13911154,9.118595749,0,20.13532141,13.72092917,72.74399723,7.254595593,0.2,0,1
24 04 2021,9.631877872,8.868555978,0,20.31488474,13.80517131,73.39176444,7.329083931,0.2,0,1
24 04 2021,9.080429855,8.583918989,0,20.48483117,13.85408184,73.81397543,7.264314944,0.2,0,1
24 04 2021,9.126239954,8.6988056,0,20.38965204,13.81447697,73.84648765,7.19890157,0.2,0,1
24 04 2021,9.873936472,9.322256178,0,20.29258983,13.76579949,74.13673843,7.113418151,0.2,0,1
24 04 2021,8.978094797,8.84180668,0,20.40239582,13.90458711,74.88846964,7.025750114,0.2,0,1
24 04 2021,9.84647362,8.970143452,0,20.27446212,13.85486745,73.24903122,7.263056065,0.2,0,1
24 04 2021,9.369525665,8.876549706,0,20.31962135,13.78318044,73.87817086,7.152854314,0.2,0,1
24 04 2021,9.868182265,8.914807618,0,20.21431554,13.85884354,73.00254339,7.30971673,0.2,0,1
24 04 2021,10.13167865,9.4066948,0,20.29037117,13.94404791,74.82479741,6.977601492,0.2,0,1
24 04 2021,8.897149167,8.719706714,0,20.35116154,13.85869906,74.7692373,7.049847038,0.2,0,1
24 04 2021,9.026038699,8.696391389,0,20.42788958,13.87145343,74.31341673,7.129272165,0.2,0,1
24 04 2021,9.144179711,8.899760723,0,20.39048585,13.84796599,74.61541683,7.054094045,0.2,0,1
24 04 2021,9.887499058,8.917368084,0,20.38193341,13.91281189,74.92035302,7.032258257,0.2,0,1
24 04 2021,9.247380597,8.926248133,0,20.42123346,13.91672893,74.97185304,7.00996335,0.2,0,1
24 04 2021,9.376212674,8.872292295,0,20.3790606,13.85894435,74.15343168,7.101536511,0.2,0,1
24 04 2021,9.981167695,9.261212975,0,20.12947909,13.8048295,73.70377778,7.11069635,0.2,0,1
24 04 2021,9.907904838,9.105578318,0,20.2184844,13.7607701,73.38619217,7.233898284,0.2,0,1
24 04 2021,9.388457485,8.86753808,0,20.34814125,13.81818361,73.95500635,7.138126943,0.2,0,1
24 04 2021,9.908584255,9.110749468,0,20.17507108,13.7651873,73.26470162,7.130406848,0.2,0,1
24 04 2021,9.936314422,9.087457985,0,20.29587017,13.8434354,73.55724895,7.171711039,0.2,0,1
24 04 2021,9.566600673,9.142154336,0,20.26435486,13.82342753,74.75311985,7.026861987,0.2,0,1
24 04 2021,9.58531642,8.839460045,0,20.42667269,13.8628735,73.67799539,7.274205318,0.2,0,1
24 04 2021,8,8,0,20.6,13.9,74.1,7.2,0.2,0,0
25 04 2021,14.02998012,13.45592326,0,20.44755202,11.62524709,70.89994915,5.118701522,0,0,1
25 04 2021,13.75901668,13.41847851,0,20.4311501,11.70907048,72.11656178,4.985505922,0,0,1
25 04 2021,14.14248621,13.48889813,0,20.43545301,11.62727249,70.85301359,5.185800257,0,0,1
25 04 2021,14.78481044,13.7489655,0,20.19527348,11.75900574,70.39822074,5.276765117,0,0,1
25 04 2021,13.99733779,13.55300154,0,20.36133483,11.64628811,71.66762732,5.009043349,0,0,1
25 04 2021,13.92381478,13.35122417,0,20.52318875,11.63539606,70.91165332,5.200020079,0,0,1
25 04 2021,13.91252573,13.48123301,0,20.54460445,11.69997941,71.78729368,5.085165164,0,0,1
25 04 2021,14.55584683,13.7403008,0,20.26126935,11.669857,70.82959456,5.180656722,0,0,1
25 04 2021,14.62449975,13.73555029,0,20.39175126,11.73641667,71.11065831,5.167743811,0,0,1
25 04 2021,13.82017698,13.42146909,0,20.5255895,11.64482047,71.37522599,5.103396843,0,0,1
25 04 2021,14.26205397,13.67867281,0,20.38180643,11.66307697,71.33423544,5.080761473,0,0,1
25 04 2021,14.30378561,13.58051965,0,20.38680509,11.64950788,70.84082079,5.212692709,0,0,1
25 04 2021,14.17952174,13.49257573,0,20.38930116,11.62657015,70.65998431,5.209432534,0,0,1
25 04 2021,13.82833795,13.84462447,0,20.31563479,11.71393025,72.7674516,4.935608252,0,0,1
25 04 2021,14.21580214,13.5587037,0,20.44562905,11.6791839,71.8712648,5.018155209,0,0,1
25 04 2021,14.24912829,13.60996504,0,20.34858803,11.63602501,71.03587478,5.100495866,0,0,1
25 04 2021,14.49318908,13.76781626,0,20.41548745,11.76701895,72.2879002,5.026257539,0,0,1
25 04 2021,14.53562698,13.67475565,0,20.30043392,11.66490125,70.66931359,5.185151851,0,0,1
25 04 2021,14.33759796,13.59199608,0,20.40933779,11.67963882,70.93771421,5.111135072,0,0,1
25 04 2021,13.94880844,13.45773084,0,20.48204591,11.63381781,71.10874993,5.144129983,0,0,1
25 04 2021,14.25873189,13.4987816,0,20.47194665,11.69340805,70.85291702,5.221142621,0,0,1
25 04 2021,14.22274481,13.56612504,0,20.39295757,11.67840232,70.98534279,5.253907384,0,0,1
25 04 2021,14.58606441,13.71481031,0,20.31738739,11.6869472,70.90723102,5.251144978,0,0,1
25 04 2021,14.17954919,13.50429866,0,20.36851272,11.7085867,70.7035499,5.1784251,0,0,1
25 04 2021,14.61058435,13.66096461,0,20.29029902,11.66024693,70.49664643,5.298099656,0,0,1
25 04 2021,13.80473236,13.51286718,0,20.47567734,11.62272528,71.50652006,5.034621017,0,0,1
25 04 2021,14.09346314,13.59484568,0,20.43412344,11.68985249,71.56710758,5.109058191,0,0,1
25 04 2021,14.00149622,13.65877327,0,20.40055399,11.77035225,72.24551164,5.021991279,0,0,1
25 04 2021,13.9917117,13.53266739,0,20.52987221,11.78516128,72.02110244,5.046462048,0,0,1
25 04 2021,13.98003048,13.48722471,0,20.50669856,11.6988467,71.68891292,5.051898473,0,0,1
25 04 2021,13,13,0,20.7,11.6,71.3,5,0,0,0
26 04 2021,18.65328705,18.14101035,0,20.27984552,12.0565669,81.61520401,13.11976852,0.1,0,1
26 04 2021,18.7765334,18.24051662,0,20.21162272,12.03865227,81.83101567,12.9667922,0.1,0,1
26 04 2021,18.56350296,18.19837365,0,20.36136939,12.09104345,82.00030834,13.04263725,0.1,0,1
26 04 2021,18.80405906,18.16807238,0,20.2923085,12.0567128,81.35195187,13.07958941,0.1,0,1
26 04 2021,19.10368666,18.20774238,0,20.14488169,12.02546105,80.55700558,13.07894921,0.1,0,1
26 04 2021,18.85194779,18.20071607,0,20.19537279,12.09926692,81.17220383,13.11290934,0.1,0,1
26 04 2021,18.83967184,18.18769518,0,20.25374476,12.00110489,81.08979098,13.13761681,0.1,0,1
26 04 2021,18.82019339,18.15649034,0,20.36148882,12.06868702,81.32511638,13.08679264,0.1,0,1
26 04 2021,18.72305621,18.11359552,0,20.24663187,12.03505274,81.01779151,13.26253108,0.1,0,1
26 04 2021,19.68007153,18.37690593,0,19.92098333,12.03953262,79.67291761,12.91263775,0.1,0,1
26 04 2021,18.9343286,18.24832618,0,20.17117517,11.99620387,80.96321007,13.05271842,0.1,0,1
26 04 2021,19.09158313,18.28802117,0,20.22771607,12.07330329,81.09201661,12.87023352,0.1,0,1
26 04 2021,19.13533802,18.30003349,0,20.09966334,12.00278351,80.70792498,12.91243584,0.1,0,1
26 04 2021,19.42084448,18.31553012,0,19.98351338,11.97663654,79.99874145,12.98482972,0.1,0,1
26 04 2021,18.78367192,18.27810631,0,20.34502913,12.15586681,82.1784813,12.92962086,0.1,0,1
26 04 2021,18.65215954,18.35477434,0,20.20023221,12.09115973,82.34139923,12.7808778,0.1,0,1
26 04 2021,19.09980228,18.19177822,0,20.31996334,12.10774319,81.74265395,12.85233169,0.1,0,1
26 04 2021,18.69168844,18.21549473,0,20.3219561,12.07074218,81.77394137,13.00044506,0.1,0,1
26 04 2021,18.97307668,18.33446101,0,20.20644105,12.09817076,81.51443458,12.87627248,0.1,0,1
26 04 2021,19.09284094,18.20883097,0,20.10887559,12.09887592,81.29057031,12.85931585,0.1,0,1
26 04 2021,19.16181398,18.19034036,0,20.06403758,12.06671756,80.40465522,13.099574,0.1,0,1
26 04 2021,18.80602414,18.20945467,0,20.24167829,12.02444538,81.19873356,13.09364235,0.1,0,1
26 04 2021,19.08593319,18.20690801,0,20.17008414,12.08106217,80.70585738,13.04053711,0.1,0,1
26 04 2021,18.67717559,18.23659237,0,20.22829576,12.03190835,81.66574585,13.01524595,0.1,0,1
26 04 2021,18.59118417,18.10812994,0,20.31524531,12.06023048,81.41445705,13.2343269,0.1,0,1
26 04 2021,19.15791097,18.30992822,0,20.10653019,12.07447184,81.35396094,12.8216658,0.1,0,1
26 04 2021,18.77319563,18.16558459,0,20.23974809,11.97784883,81.03348764,13.19781777,0.1,0,1
26 04 2021,18.77163172,18.20461134,0,20.20937787,12.01167147,81.11397178,13.15353107,0.1,0,1
26 04 2021,19.1005509,18.31828228,0,20.13529009,11.99645437,81.01002102,12.82899342,0.1,0,1
26 04 2021,18.44513159,18.17923053,0,20.3354784,12.06341892,82.09428658,13.07678081,0.1,0,1
26 04 2021,18,18,0,20.5,12,82.2,13.5,0.1,0,0
27 04 2021,22.02963956,20.06031956,0,22.08058516,14.73873678,81.03339076,7.578334474,0,0,1
27 04 2021,21.82711335,20.00352181,0,22.262232,14.94301082,82.9835882,7.293276339,0,0,1
27 04 2021,21.87723961,20.03007692,0,22.13694156,14.85824998,81.26144843,7.602989673,0,0,1
27 04 2021,21.7914877,20.1438471,0,22.05160676,14.79148538,81.92810995,7.36327275,0,0,1
27 04 2021,21.45767452,20.12308334,0,22.36810148,14.86839714,82.46462123,7.417352056,0,0,1
27 04 2021,21.62735932,20.01303952,0,22.28992648,14.83294369,81.75277246,7.57878418,0,0,1
27 04 2021,21.88993542,20.06349461,0,22.16223808,14.80751683,81.21889943,7.573458735,0,0,1
27 04 2021,21.30902549,20.06607186,0,22.39808441,14.90711986,82.85896125,7.40002345,0,0,1
27 04 2021,21.70020989,20.10450775,0,22.28971977,14.84427319,82.46264023,7.378812335,0,0,1
27 04 2021,21.42246446,20.06635582,0,22.38935427,14.83344864,82.34232082,7.471347751,0,0,1
27 04 2021,21.39746609,20.05924408,0,22.27913914,14.9088905,83.13515761,7.320099997,0,0,1
27 04 2021,21.60978773,20.08746986,0,22.27535924,14.75818808,81.97709469,7.47717349,0,0,1
27 04 2021,21.86981048,20.14408123,0,22.13769331,14.71962344,81.49005548,7.465812053,0,0,1
27 04 2021,21.485583,20.05654805,0,22.28625297,14.84741468,82.88829209,7.324839205,0,0,1
27 04 2021,22.0872248,20.10529131,0,22.10834706,14.87061519,81.17354371,7.532385082,0,0,1
27 04 2021,21.72782754,20.16649366,0,22.26857017,14.77241588,81.91587848,7.426387668,0,0,1
27 04 2021,21.65055144,20.08601803,0,22.29348376,14.81628575,82.04265172,7.466622438,0,0,1
27 04 2021,21.48737458,20.10741425,0,22.36516536,14.89321638,82.63519942,7.391891694,0,0,1
27 04 2021,21.58783254,19.98479159,0,22.3480893,14.87344486,81.89456996,7.58057185,0,0,1
27 04 2021,21.69666599,20.01466619,0,22.23815814,14.86863915,81.56121214,7.601142756,0,0,1
27 04 2021,21.79934602,20.09509611,0,22.26639257,14.82152045,81.83159215,7.474369788,0,0,1
27 04 2021,21.46938557,20.0323192,0,22.35675018,14.85279944,82.18135127,7.503795943,0,0,1
27 04 2021,21.80276929,20.0364324,0,22.20404302,14.82089217,81.33909626,7.607048983,0,0,1
27 04 2021,21.08049657,20.05274591,0,22.42573226,14.91957123,83.25131739,7.325195745,0,0,1
27 04 2021,21.87417289,20.13599787,0,22.20351105,14.7685092,81.67568629,7.448145891,0,0,1
27 04 2021,21.84361991,20.00842377,0,22.18265705,14.83224674,81.97755366,7.459022446,0,0,1
27 04 2021,21.32732465,20.10568408,0,22.3826952,14.87401076,82.9655533,7.351813437,0,0,1
27 04 2021,21.63497908,20.02070443,0,22.18803244,14.78570312,82.08161291,7.48010983,0,0,1
27 04 2021,21.53559626,20.06660397,0,22.36700144,14.9365854,82.54441524,7.418041499,0,0,1
27 04 2021,22.05912245,20.11969927,0,22.09983309,14.76802774,81.13651708,7.477150346,0,0,1
27 04 2021,21,20,0,22.7,15,83,7.5,0,0,0
28 04 2021,25.82417591,22.8854304,0,24.91327936,15.14051984,66.65697555,6.717768163,0,0,1
28 04 2021,25.88084669,22.78949557,0,25.02133144,15.2500372,66.34954821,6.742705314,0,0,1
28 04 2021,26.42715612,22.77431459,0,24.86481144,15.14099905,64.87177533,7.014201125,0,0,1
28 04 2021,26.2861277,22.95629153,0,25.19155526,15.23573861,64.89350395,6.857047423,0,0,1
28 04 2021,26.29276599,22.85460102,0,24.90158346,15.20037274,65.90061157,6.798120268,0,0,1
28 04 2021,26.3487656,22.8771895,0,25.12491238,15.23870695,64.56705605,6.987251923,0,0,1
28 04 2021,26.0754748,22.78299525,0,24.94681925,15.12575503,66.09054776,6.846021938,0,0,1
28 04 2021,26.08961103,22.86123617,0,25.28118603,15.32615664,65.6751298,6.823409982,0,0,1
28 04 2021,26.03141702,22.87883034,0,24.8225922,15.14558355,66.12586798,6.768720358,0,0,1
28 04 2021,26.00386791,22.85715858,0,25.02171119,15.20795097,66.04116579,6.780468353,0,0,1
28 04 2021,26.54158095,22.88519034,0,24.85006638,15.16110808,64.42529606,6.948025919,0,0,1
28 04 2021,26.16568973,22.95001689,0,24.93152976,15.14567504,65.7438432,6.793053771,0,0,1
28 04 2021,26.08473115,22.91797842,0,25.18628043,15.2898548,65.91827735,6.776502998,0,0,1
28 04 2021,26.46268935,22.76133363,0,24.92959999,15.15301511,64.80593017,7.032441077,0,0,1
28 04 2021,26.0449635,22.96937104,0,25.22529971,15.28871069,65.95091921,6.760645429,0,0,1
28 04 2021,26.16076211,23.04509603,0,25.1362908,15.24773868,65.82072837,6.758337968,0,0,1
28 04 2021,25.96547241,22.83485586,0,25.23635145,15.29073956,65.99731983,6.776986484,0,0,1
28 04 2021,26.35662189,22.87435087,0,24.99642467,15.1908951,64.82467688,6.932687543,0,0,1
28 04 2021,26.18054438,22.83281221,0,25.13134339,15.26218564,65.82675117,6.803134227,0,0,1
28 04 2021,26.25627502,22.86397578,0,25.00286372,15.1635574,65.24044517,6.867177374,0,0,1
28 04 2021,26.38565293,22.87690269,0,25.09545459,15.22757518,65.25508836,6.886157669,0,0,1
28 04 2021,26.56139686,22.8120789,0,24.91853988,15.15628352,64.54312043,6.990554888,0,0,1
28 04 2021,26.31804311,22.98007354,0,25.20543323,15.2719978,65.2846497,6.827559437,0,0,1
28 04 2021,26.14028519,22.79930592,0,25.11007636,15.21431145,65.67990754,6.849980059,0,0,1
28 04 2021,26.33425002,22.70896883,0,25.00321294,15.25095446,65.64693026,6.935806594,0,0,1
28 04 2021,26.26927914,22.7299169,0,24.97423241,15.20910085,65.51432804,6.896724427,0,0,1
28 04 2021,26.13846016,22.87381217,0,25.36008733,15.33680401,65.64501579,6.836768817,0,0,1
28 04 2021,25.98053331,22.84609843,0,25.14518975,15.26420163,65.87966652,6.809697213,0,0,1
28 04 2021,26.49311051,22.82464113,0,24.96765495,15.168275,64.56017864,6.988940011,0,0,1
28 04 2021,26.07626439,22.95963487,0,25.08393955,15.20386911,65.69768844,6.789454162,0,0,1
28 04 2021,26,23,0,25.7,15.4,64.8,6.9,0,0,0
29 04 2021,31.86863523,25.60006054,0,24.60605247,15.29013974,68.91124808,8.395774612,0,0,1
29 04 2021,31.79372084,25.57128102,0,24.94181979,15.43363962,69.29912491,8.504067277,0,0,1
29 04 2021,32.13646543,25.70559654,0,24.81957394,15.39990129,68.26965579,8.537622859,0,0,1
29 04 2021,31.89632802,25.7016034,0,25.05564616,15.44643778,68.97666576,8.539455437,0,0,1
29 04 2021,31.96408586,25.58243478,0,24.71202317,15.31250544,68.50301819,8.54364513,0,0,1
29 04 2021,32.03346104,25.69291767,0,24.82920731,15.38016904,68.44421428,8.5318058,0,0,1
29 04 2021,31.99935949,25.666552,0,24.93793959,15.41837732,68.6416634,8.584878207,0,0,1
29 04 2021,31.85205514,25.7778005,0,25.07533629,15.54847715,69.86385101,8.388280439,0,0,1
29 04 2021,31.89778696,25.55667026,0,24.64558575,15.29003564,68.84890411,8.450648932,0,0,1
29 04 2021,31.95057241,25.52624332,0,24.6971902,15.31802381,68.5214502,8.561681349,0,0,1
29 04 2021,32.13794672,25.60873036,0,24.70774496,15.4212239,68.11266335,8.620762392,0,0,1
29 04 2021,32.01491134,25.53026742,0,24.71365757,15.34357128,68.35526988,8.551037369,0,0,1
29 04 2021,31.57900333,25.64055534,0,24.91993912,15.48992659,70.16984993,8.320449105,0,0,1
29 04 2021,31.6017525,25.49516931,0,24.68354513,15.29095602,69.31851079,8.457224659,0,0,1
29 04 2021,31.9647634,25.67993542,0,24.96238279,15.39828432,68.58697179,8.615340297,0,0,1
29 04 2021,32.205244,25.70692847,0,24.81101524,15.41637337,68.1659279,8.578643249,0,0,1
29 04 2021,31.80621443,25.70739577,0,24.72974147,15.27856415,69.01741547,8.398081461,0,0,1
29 04 2021,31.93894088,25.59773783,0,24.83250419,15.40142377,69.0695299,8.491793603,0,0,1
29 04 2021,31.79586435,25.68334942,0,24.80541427,15.36382427,69.93173693,8.324748151,0,0,1
29 04 2021,31.88783124,25.6090407,0,24.90799572,15.34112297,68.67784724,8.609381589,0,0,1
29 04 2021,32.00978126,25.72831908,0,25.01132242,15.42391745,68.61108268,8.580932812,0,0,1
29 04 2021,31.54931719,25.74259905,0,25.01472653,15.42112912,69.77146378,8.400544951,0,0,1
29 04 2021,31.69424317,25.6122931,0,24.83278727,15.35923842,69.61318201,8.388824656,0,0,1
29 04 2021,31.74699251,25.73968876,0,24.8268539,15.47115102,70.25914548,8.281282082,0,0,1
29 04 2021,31.64383612,25.80070994,0,25.10371129,15.47369149,69.75623736,8.411804225,0,0,1
29 04 2021,31.75962669,25.69687564,0,24.89602506,15.41271166,69.43495821,8.404686738,0,0,1
29 04 2021,31.76475566,25.56279171,0,24.94318186,15.4747144,70.03092164,8.367865778,0,0,1
29 04 2021,32.05443943,25.68830503,0,24.85973555,15.40551797,68.48223774,8.536702312,0,0,1
29 04 2021,31.53361595,25.46324934,0,24.96934167,15.47729239,70.21880946,8.343939673,0,0,1
29 04 2021,31.63032768,25.61196356,0,24.98689578,15.49341658,69.9528154,8.392000576,0,0,1
29 04 2021,32,26,0,25.5,15.6,69,8.6,0,0,0
30 04 2021,37.77999038,27.37522718,7.79752998,23.08552574,15.62973088,77.78955384,6.163758806,0.1,1,1
30 04 2021,37.7527436,27.58920082,7.709163351,23.33122943,15.6542218,78.57968632,5.919374745,0.1,1,1
30 04 2021,37.59716377,27.60861986,8.182649174,23.40881995,15.70128032,79.07406325,5.837895494,0.1,1,1
30 04 2021,37.68398682,27.41057388,8.779016899,23.22747006,15.66691724,78.26061462,6.088040012,0.1,1,1
30 04 2021,37.16530439,27.44796221,8.236788945,23.21749961,15.57291151,79.16717486,5.848714008,0.1,1,1
30 04 2021,37.35041692,27.62407097,8.050072737,23.50882871,15.69992054,80.14725457,5.75209122,0.1,1,1
30 04 2021,37.46166944,27.45847245,7.938531161,23.3527808,15.65048232,78.93090095,5.948247243,0.1,1,1
30 04 2021,37.29715315,27.46879524,8.488290437,23.37300404,15.73560158,80.07598443,5.77483195,0.1,1,1
30 04 2021,37.45181356,27.24809808,8.520516589,23.27332913,15.60054254,78.43355509,6.065490669,0.1,1,1
30 04 2021,37.48384565,27.3008278,7.635486619,23.13912909,15.57459351,78.17898415,6.076656216,0.1,1,1
30 04 2021,37.54691661,27.45635639,8.006509806,23.36281541,15.66311832,78.71032517,6.030901437,0.1,1,1
30 04 2021,37.48131849,27.43143525,8.204695205,23.31104783,15.5859218,78.68225848,5.97377153,0.1,1,1
30 04 2021,37.80858064,27.40014567,8.447472459,23.01718999,15.53275053,77.57919082,6.03132779,0.1,1,1
30 04 2021,37.80588654,27.62945203,8.371867779,23.43029452,15.68694493,78.74374026,5.943453453,0.1,1,1
30 04 2021,36.89631253,27.39658802,7.633969039,23.34571173,15.65518185,80.47041076,5.723749431,0.1,1,1
30 04 2021,37.59261209,27.43823601,7.8136806,23.2774898,15.66825885,78.52690004,6.016663691,0.1,1,1
30 04 2021,37.34754975,27.40051691,8.347854409,23.27644495,15.58625253,78.81055824,5.933934891,0.1,1,1
30 04 2021,37.50693167,27.33940863,7.976087514,23.18850055,15.62388067,78.26562078,6.049027586,0.1,1,1
30 04 2021,37.71279252,27.45343365,7.666100682,23.01281223,15.55810968,77.74810149,5.96011734,0.1,1,1
30 04 2021,37.4628654,27.4522654,8.811345857,23.40091482,15.63548315,78.92058692,5.987285285,0.1,1,1
30 04 2021,37.56718807,27.42741428,8.119880861,23.17080995,15.64978744,78.27656525,6.02209268,0.1,1,1
30 04 2021,37.59210515,27.53337053,8.142562215,23.40547659,15.65368314,78.8680275,5.962670199,0.1,1,1
30 04 2021,37.50520588,27.58414139,7.68086323,23.45599902,15.67146297,79.21839667,5.894530286,0.1,1,1
30 04 2021,37.76275448,27.58660385,8.601662779,23.48024159,15.73052984,78.8963197,5.982036393,0.1,1,1
30 04 2021,37.28980253,27.38147213,8.122526008,23.44456392,15.76736584,79.61562325,5.823605113,0.1,1,1
30 04 2021,37.42995146,27.44493438,7.791187654,23.52253313,15.70164235,79.34853435,5.971917429,0.1,1,1
30 04 2021,37.3209,27.29016773,7.912045053,23.37095677,15.67972225,79.26607372,5.994192202,0.1,1,1
30 04 2021,37.70717769,27.54207155,7.960534162,23.33188436,15.68150132,78.55047477,6.010875299,0.1,1,1
30 04 2021,37.52975966,27.55498438,8.047722432,23.56989894,15.76452376,79.45040542,5.953994156,0.1,1,1
30 04 2021,37.40481921,27.47120734,8.604097147,23.33912116,15.64784212,79.38857481,5.862725495,0.1,1,1
30 04 2021,38,28,8.849557522,23.9,15.9,80,5.8,0.1,1,0
01 05 2021,7.97926452,8.95773384,0,24.18819624,16.26252666,74.84464231,7.204995083,0,0,1
01 05 2021,7.790203385,9.241365224,0,24.1810337,16.22233545,76.2741244,6.929743075,0,0,1
01 05 2021,7.742483392,8.884074196,0,24.26536391,16.30504143,75.11664442,7.145395855,0,0,1
01 05 2021,7.038301632,8.970310718,0,24.3528845,16.39873655,76.79180285,6.904347784,0,0,1
01 05 2021,7.761360399,8.834416151,0,24.27395505,16.30646014,74.90859047,7.231543832,0,0,1
01 05 2021,7.202046372,8.760348141,0,24.48071784,16.41787706,76.07705092,7.016602052,0,0,1
01 05 2021,8.130129218,9.275226623,0,24.12341062,16.18829611,75.44323009,7.048248577,0,0,1
01 05 2021,7.676832795,8.869449377,0,24.31651712,16.31269095,75.23776806,7.132020542,0,0,1
01 05 2021,8.340866417,9.131476983,0,24.09392313,16.17010523,74.63221048,7.255569706,0,0,1
01 05 2021,8.302146241,9.147772521,0,24.1522669,16.26737335,74.92482042,7.165054809,0,0,1
01 05 2021,7.146440156,8.709419101,0,24.46160195,16.40978751,76.38447431,6.974235586,0,0,1
01 05 2021,8.048026644,9.260250211,0,24.16878796,16.27416258,76.25803381,6.930887056,0,0,1
01 05 2021,8.20831053,9.278555244,0,24.16871771,16.23192085,75.84425255,6.973405814,0,0,1
01 05 2021,8.320624396,9.17679067,0,24.15226517,16.230233,75.13958872,7.164027513,0,0,1
01 05 2021,7.500796095,8.756408647,0,24.40339613,16.33608293,75.22717689,7.119422856,0,0,1
01 05 2021,8.004543804,9.047053039,0,24.3613089,16.36480932,75.83583402,7.070478454,0,0,1
01 05 2021,8.012301214,8.967941582,0,24.25100068,16.29324724,74.99689567,7.170421505,0,0,1
01 05 2021,7.61151544,8.756409466,0,24.33902337,16.34612522,74.9897667,7.207903425,0,0,1
01 05 2021,8.297283515,9.112397835,0,24.072052,16.21128858,74.55757861,7.237182854,0,0,1
01 05 2021,7.75097923,8.884567723,0,24.32087148,16.30953995,75.19976757,7.198896476,0,0,1
01 05 2021,7.567175873,8.885941163,0,24.40741299,16.41856516,76.05333587,7.018950325,0,0,1
01 05 2021,7.10746704,8.779137462,0,24.51013071,16.35033851,76.02900138,7.038968451,0,0,1
01 05 2021,7.339920707,8.980764031,0,24.27449886,16.33924488,76.65129085,6.927683125,0,0,1
01 05 2021,7.875077784,8.998063385,0,24.21778443,16.2669386,75.16119578,7.071856754,0,0,1
01 05 2021,7.557015598,8.838893503,0,24.40701585,16.37477486,75.76944617,7.060222511,0,0,1
01 05 2021,7.816816017,9.000421122,0,24.29900693,16.38940849,76.55052242,6.926562066,0,0,1
01 05 2021,7.490293965,8.772732198,0,24.43810151,16.33704535,75.39133411,7.142867939,0,0,1
01 05 2021,7.878058091,8.999499112,0,24.30099717,16.28139048,75.60105773,7.125348221,0,0,1
01 05 2021,7.655146345,8.863660276,0,24.37729899,16.31756113,75.46670037,7.170646504,0,0,1
01 05 2021,7.270016238,8.750895441,0,24.40050398,16.37437781,75.79516166,7.052926025,0,0,1
01 05 2021,6,8,0,24.9,16.6,76,7.1,0,0,0
02 05 2021,13.87782882,12.81532919,0,25.85799493,17.51897172,63.56164652,8.608946277,0,0,1
02 05 2021,12.95335359,12.44888291,0,26.37162771,17.80216609,63.86242456,8.561285314,0,0,1
02 05 2021,13.30404555,12.53807684,0,26.20629001,17.7484228,63.53466922,8.587960536,0,0,1
02 05 2021,13.19558315,12.5227704,0,26.1978972,17.74516213,64.63725598,8.416257188,0,0,1
02 05 2021,13.2207633,12.58364717,0,26.25212306,17.74064727,65.08543475,8.39495062,0,0,1
02 05 2021,13.65594705,12.84152991,0,26.04633168,17.5758016,64.41193622,8.496929131,0,0,1
02 05 2021,12.94567168,12.7536723,0,26.19747395,17.69089794,65.14489203,8.337664609,0,0,1
02 05 2021,13.71934395,12.84486008,0,25.86851874,17.55898941,63.77282201,8.466371386,0,0,1
02 05 2021,13.33504748,12.71125818,0,26.12020962,17.65455485,64.13312725,8.479038117,0,0,1
02 05 2021,12.9803205,12.45619986,0,26.44920808,17.84220731,64.45010817,8.480541349,0,0,1
02 05 2021,13.11747796,12.48721009,0,26.28214589,17.78089005,63.67646987,8.595875101,0,0,1
02 05 2021,13.92401104,12.85932599,0,25.95698814,17.62964868,63.6541404,8.439800721,0,0,1
02 05 2021,12.94098298,12.54194337,0,26.34713664,17.82183086,64.57451736,8.442085849,0,0,1
02 05 2021,13.38364416,12.64217081,0,26.15192877,17.76571685,63.50417371,8.490655991,0,0,1
02 05 2021,13.57047908,12.74690306,0,26.0409615,17.64168742,64.1715517,8.480224662,0,0,1
02 05 2021,13.16132436,13.01871168,0,25.90362968,17.58750939,65.76579338,8.222934658,0,0,1
02 05 2021,13.22405825,12.64533478,0,26.19873302,17.74596377,64.18655826,8.481736701,0,0,1
02 05 2021,13.14343411,12.61547722,0,26.27003134,17.75694677,64.09275532,8.494791704,0,0,1
02 05 2021,13.36489019,12.68435226,0,26.08489382,17.68246237,63.83101439,8.474669486,0,0,1
02 05 2021,13.19476099,12.59947971,0,26.30798258,17.82100556,64.33210735,8.452770169,0,0,1
02 05 2021,12.92961843,12.49292643,0,26.32795298,17.80109394,64.12787594,8.503367836,0,0,1
02 05 2021,13.56618561,12.68093802,0,26.07727775,17.60634233,63.72001265,8.576231095,0,0,1
02 05 2021,13.8009563,12.73827592,0,25.87693703,17.60535,63.4859165,8.610962996,0,0,1
02 05 2021,13.4387157,12.90634688,0,26.00986686,17.56003823,64.67941014,8.40632364,0,0,1
02 05 2021,13.31452884,12.56479669,0,26.19162309,17.81901757,63.54113272,8.553046111,0,0,1
02 05 2021,13.01357971,12.59347284,0,26.2959534,17.81873669,64.7050929,8.413554453,0,0,1
02 05 2021,13.32905853,12.71114545,0,26.18086583,17.69243909,65.14513262,8.346197941,0,0,1
02 05 2021,13.69428051,12.77791127,0,25.92479031,17.55586128,63.64754479,8.566366593,0,0,1
02 05 2021,13.18700806,12.45220099,0,26.26332966,17.83248483,63.72440529,8.665131701,0,0,1
02 05 2021,13.00118633,12.51881129,0,26.26618065,17.80619713,64.56187515,8.455308923,0,0,1
02 05 2021,12,12,0,26.9,18.1,63.8,8.6,0,0,0
03 05 2021,18.75847276,18.22942971,0,22.70355425,15.97020713,69.06449266,9.337539725,0,0,1
03 05 2021,18.67568522,18.12832988,0,22.7566266,15.97330306,69.33915413,9.398472932,0,0,1
03 05 2021,18.9634629,18.25224104,0,22.56467093,15.92488989,68.84347119,9.335916673,0,0,1
03 05 2021,19.3288294,18.35128404,0,22.35236355,15.84228084,68.80865853,9.210261521,0,0,1
03 05 2021,19.10359449,18.21183144,0,22.54171413,15.944553,68.40388965,9.443625903,0,0,1
03 05 2021,18.79077663,18.26357726,0,22.61651652,15.90412551,69.38852782,9.299922718,0,0,1
03 05 2021,18.50312309,18.36698153,0,22.71854242,16.02863436,70.38000959,9.162183444,0,0,1
03 05 2021,18.89419827,18.28930455,0,22.74972806,15.99270709,69.52332296,9.250921185,0,0,1
03 05 2021,19.19621689,18.18017377,0,22.57298169,15.8383538,68.72283472,9.454019643,0,0,1
03 05 2021,19.70123907,18.3813237,0,22.2397854,15.78517082,67.83796916,9.380210544,0,0,1
03 05 2021,18.75350619,18.22761771,0,22.70773645,16.0119757,69.02551012,9.351246893,0,0,1
03 05 2021,19.18556921,18.2057925,0,22.46160476,15.83494157,68.4814045,9.457686039,0,0,1
03 05 2021,18.61065436,18.12643174,0,22.81414275,15.97325344,69.4424605,9.390763055,0,0,1
03 05 2021,18.66272138,18.18449846,0,22.71345832,16.00008009,69.38690503,9.333327401,0,0,1
03 05 2021,19.14361176,18.19310642,0,22.4888488,15.88490327,68.55921491,9.460485904,0,0,1
03 05 2021,18.80064454,18.12044375,0,22.6895872,15.97391008,68.84212954,9.485588696,0,0,1
03 05 2021,19.40958256,18.27178618,0,22.34927917,15.80059297,68.31462693,9.410631012,0,0,1
03 05 2021,19.16286113,18.22929776,0,22.5106478,15.89004408,68.73722007,9.379692851,0,0,1
03 05 2021,18.52728305,18.19897868,0,22.75115148,15.97468159,69.4870003,9.330707954,0,0,1
03 05 2021,18.49366161,18.27323136,0,22.66389114,15.94733023,70.39727131,9.158131178,0,0,1
03 05 2021,19.01656138,18.2683368,0,22.49544626,15.86343191,70.04150879,9.169252706,0,0,1
03 05 2021,19.13380091,18.39230964,0,22.49024744,15.80988209,69.3144094,9.216428869,0,0,1
03 05 2021,18.86407149,18.23548532,0,22.62032406,15.94707795,69.14260942,9.317445907,0,0,1
03 05 2021,19.16186189,18.19918161,0,22.53349428,15.9371296,68.52940805,9.43383829,0,0,1
03 05 2021,18.51068547,18.39476073,0,22.57913104,15.83645794,70.62400208,9.081688468,0,0,1
03 05 2021,18.97140852,18.1214665,0,22.61947789,15.954315,70.3620049,9.180796087,0,0,1
03 05 2021,18.66434388,18.20604921,0,22.7897138,16.03736403,69.8041037,9.284901476,0,0,1
03 05 2021,18.78616813,18.1687775,0,22.70099687,15.99990582,68.75921196,9.415542335,0,0,1
03 05 2021,18.99685854,18.28364293,0,22.48842132,15.89618221,69.33537719,9.263119112,0,0,1
03 05 2021,19.02278111,18.17092027,0,22.57783571,15.91664206,68.82639023,9.429884393,0,0,1
03 05 2021,18,18,0,23.1,16.2,69.3,9.5,0,0,0
04 05 2021,20.51903375,19.12139469,0,23.08484911,14.85436644,68.84148548,6.835881801,0,0,1
04 05 2021,20.82917628,19.17649129,0,22.94649558,14.88462104,69.59246219,6.808063785,0,0,1
04 05 2021,20.74652199,19.27189253,0,22.83529306,14.78757423,69.26803448,6.778711831,0,0,1
04 05 2021,20.53366211,19.12849108,0,23.08273623,14.90235432,69.33305043,6.797465509,0,0,1
04 05 2021,20.57873638,19.07876196,0,23.11717198,14.86803559,68.30589658,6.971392903,0,0,1
04 05 2021,20.51550929,19.10180215,0,23.16567935,14.8355908,68.59751405,6.962100771,0,0,1
04 05 2021,20.46697388,19.23321396,0,22.83658857,14.70598581,69.82906807,6.753921043,0,0,1
04 05 2021,20.61850023,19.13777672,0,23.10378057,14.8703702,68.36137152,6.924731341,0,0,1
04 05 2021,20.43658393,19.11963678,0,23.05355244,14.92298922,69.78734882,6.745032504,0,0,1
04 05 2021,20.77836359,19.13778449,0,22.9780801,14.82408363,68.17746226,6.955082528,0,0,1
04 05 2021,20.19116906,19.14788414,0,23.1184215,14.87131727,69.33044477,6.793530159,0,0,1
04 05 2021,20.76655105,19.08144883,0,23.01251228,14.87846932,68.01258305,7.036080061,0,0,1
04 05 2021,20.87278012,19.21064731,0,22.88849448,14.80423797,68.41565067,6.891511063,0,0,1
04 05 2021,20.82534633,19.09129272,0,22.99478435,14.884714,68.2211735,7.019324693,0,0,1
04 05 2021,20.81480425,19.08847382,0,22.99776515,14.86801238,68.36932757,7.028184694,0,0,1
04 05 2021,20.76700627,19.12162543,0,23.13000677,14.87349923,69.28301629,6.807433511,0,0,1
04 05 2021,20.70754311,19.23510574,0,22.97451518,14.80712512,69.16975185,6.832169674,0,0,1
04 05 2021,20.93729089,19.27617917,0,22.87641124,14.72581217,68.60460899,6.832527877,0,0,1
04 05 2021,20.69226461,19.1795782,0,23.02705042,14.86380789,69.34421677,6.797946531,0,0,1
04 05 2021,20.73800714,18.96223186,0,23.10409602,14.92099123,69.71817383,6.913457597,0,0,1
04 05 2021,20.82699638,19.15304363,0,22.97493308,14.81459588,68.20884404,6.952590009,0,0,1
04 05 2021,20.80492349,19.15733744,0,22.87643712,14.79410843,70.2530775,6.684059995,0,0,1
04 05 2021,20.9191606,19.12253787,0,22.90662626,14.76623237,68.02596624,7.045803998,0,0,1
04 05 2021,20.87626776,19.22420029,0,22.87184969,14.78085094,68.87072026,6.890831648,0,0,1
04 05 2021,21.15312395,19.30319269,0,22.78397258,14.76068824,68.16092021,6.842698695,0,0,1
04 05 2021,20.75436009,19.21580302,0,22.75897178,14.79121379,69.83900621,6.720095567,0,0,1
04 05 2021,21.0521148,19.14505324,0,22.86097888,14.81925357,67.70432065,7.034558475,0,0,1
04 05 2021,20.65167102,19.10548095,0,23.11310475,14.86776854,68.20223004,6.945520548,0,0,1
04 05 2021,20.7991179,19.18440176,0,22.9071019,14.75828057,68.53740992,6.919098202,0,0,1
04 05 2021,20.53741624,19.11199135,0,23.09685285,14.82615225,68.56036103,6.932107324,0,0,1
04 05 2021,20,19,0,23.5,15,68.6,6.9,0,0,0
